"","Rank","organoid_id","cohort","treatment","UW","HTK","media","treatment_time","one_day","two_day","time","sex","age","ischemic_time","temp_media","diss_viability","passage","passage_name","cell_plated","wells_plated","date_in_culture","date_passage","days_culture","cumulative_days","wells_diss","cells_diss","cells_passaged","difference_disstopass","wells_pass","growth_rate","doubling_time","viability","TROY","LGR5","live_annexin","dead_annexin","apoptosis_annexin"
"1",NA,"M1P",NA,NA,NA,NA,NA,"Control",NA,NA,NA,NA,NA,NA,NA,NA,NA,"Whole Stomach",NA,NA,NA,NA,NA,NA,NA,NA,NA,NA,NA,NA,NA,NA,-1.23163132122945,-3.34161563766625,NA,NA,NA
"2",NA,"M3P",NA,NA,NA,NA,NA,"Control",NA,NA,NA,NA,NA,NA,NA,NA,NA,"Whole Stomach",NA,NA,NA,NA,NA,NA,NA,NA,NA,NA,NA,NA,NA,NA,-0.35986784029798,-4.33263049299791,NA,NA,NA
"3",NA,"M5P",NA,NA,NA,NA,NA,"Control",NA,NA,NA,NA,NA,NA,NA,NA,NA,"Whole Stomach",NA,NA,NA,NA,NA,NA,NA,NA,NA,NA,NA,NA,NA,NA,-1.24064393768288,-2.93897933827365,NA,NA,NA
"4",NA,"F8",NA,NA,NA,NA,NA,"Control",NA,NA,NA,NA,NA,NA,NA,NA,NA,"Whole Stomach",NA,NA,NA,NA,NA,NA,NA,NA,NA,NA,NA,NA,NA,NA,-2.3046148,-2.75096454233205,NA,NA,NA
"5",NA,"F9",NA,NA,NA,NA,NA,"Control",NA,NA,NA,NA,NA,NA,NA,NA,NA,"Whole Stomach",NA,NA,NA,NA,NA,NA,NA,NA,NA,NA,NA,NA,NA,NA,-0.406739706617465,0.820903146468734,NA,NA,NA
"6",NA,"F10",NA,NA,NA,NA,NA,"Control",NA,NA,NA,NA,NA,NA,NA,NA,NA,"Whole Stomach",NA,NA,NA,NA,NA,NA,NA,NA,NA,NA,NA,NA,NA,NA,0.100628300657771,3.1310605655841,NA,NA,NA
"7",NA,"M19",NA,NA,NA,NA,NA,"Control",NA,NA,NA,NA,NA,NA,NA,NA,NA,"Whole Stomach",NA,NA,NA,NA,NA,NA,NA,NA,NA,NA,NA,NA,NA,NA,-1.62025121557513,0.139856488176836,NA,NA,NA
"8",NA,"M20",NA,NA,NA,NA,NA,"Control",NA,NA,NA,NA,NA,NA,NA,NA,NA,"Whole Stomach",NA,NA,NA,NA,NA,NA,NA,NA,NA,NA,NA,NA,NA,NA,0.60564457245307,0.462375688069798,NA,NA,NA
"9",NA,"M21",NA,NA,NA,NA,NA,"Control",NA,NA,NA,NA,NA,NA,NA,NA,NA,"Whole Stomach",NA,NA,NA,NA,NA,NA,NA,NA,NA,NA,NA,NA,NA,NA,-0.741409252169333,-0.31057457139493,NA,NA,NA
"10",NA,"F20",NA,NA,NA,NA,NA,"Control",NA,NA,NA,NA,NA,NA,NA,NA,NA,"Whole Stomach",NA,NA,NA,NA,NA,NA,NA,NA,NA,NA,NA,NA,NA,NA,0.389674299595534,0.288774527782966,NA,NA,NA
"11",NA,"F21",NA,NA,NA,NA,NA,"Control",NA,NA,NA,NA,NA,NA,NA,NA,NA,"Whole Stomach",NA,NA,NA,NA,NA,NA,NA,NA,NA,NA,NA,NA,NA,NA,1.0889379078505,1.03164147671417,NA,NA,NA
"12",NA,"F22",NA,NA,NA,NA,NA,"Control",NA,NA,NA,NA,NA,NA,NA,NA,NA,"Whole Stomach",NA,NA,NA,NA,NA,NA,NA,NA,NA,NA,NA,NA,NA,NA,0.731097297555664,-0.277645563182801,NA,NA,NA
"13",NA,"M1D",1,"HBSS",0,0,1,"Fresh","0",0,1,0,115,45,NA,88.7,0,"Passage 0",NA,NA,43788,NA,0,0,NA,NA,NA,NA,NA,NA,NA,NA,NA,NA,0.371165644171779,0.202453987730061,0.426380368098159
"14",NA,"M3D",1,"UW",1,0,2,"Fresh","0",0,2,0,115,45,NA,90,0,"Passage 0",NA,NA,43788,NA,0,0,NA,NA,NA,NA,NA,NA,NA,NA,NA,NA,0.707602339181287,0.0467836257309941,0.245614035087719
"15",NA,"M5D",1,"HTK",0,1,3,"Fresh","0",0,3,0,115,45,NA,98.2,0,"Passage 0",NA,NA,43788,NA,0,0,NA,NA,NA,NA,NA,NA,NA,NA,NA,NA,0.633802816901408,0.105633802816901,0.26056338028169
"16",NA,"M2P",1,"HBSS",0,0,1,"One_day","1",0,1,0,115,1565,8.4,90.5,0,"Passage 0",NA,NA,43789,NA,0,0,NA,NA,NA,NA,NA,NA,NA,NA,NA,NA,0.32404181184669,0.0905923344947735,0.585365853658537
"17",NA,"M4P",1,"UW",1,0,2,"One_day","1",0,2,0,119,1565,6.5,95,0,"Passage 0",NA,NA,43789,NA,0,0,NA,NA,NA,NA,NA,NA,NA,NA,NA,NA,0.189655172413793,0.106896551724138,0.703448275862069
"18",NA,"M6P",1,"HTK",0,1,3,"One_day","1",0,3,0,119,1565,6.7,NA,0,"Passage 0",NA,NA,43789,NA,0,0,NA,NA,NA,NA,NA,NA,NA,NA,NA,NA,NA,NA,NA
"19",NA,"M2D",1,"HBSS",0,0,1,"Two_day","0",1,1,0,115,2895,13.1,88,0,"Passage 0",NA,NA,43790,NA,0,0,NA,NA,NA,NA,NA,NA,NA,NA,NA,NA,0.0693069306930693,0.336633663366337,0.594059405940594
"20",NA,"M4D",1,"UW",1,0,2,"Two_day","0",1,2,0,119,2895,13.7,82.2,0,"Passage 0",NA,NA,43790,NA,0,0,NA,NA,NA,NA,NA,NA,NA,NA,-1.8198038,-2.8596854594753,0.164251207729469,0.120772946859903,0.714975845410628
"21",NA,"M6D",1,"HTK",0,1,3,"Two_day","0",1,3,0,119,2895,13.1,66.7,0,"Passage 0",NA,NA,43790,NA,0,0,NA,NA,NA,NA,NA,NA,NA,NA,NA,NA,0.147826086956522,0.126086956521739,0.726086956521739
"22",NA,"F1",2,"HBSS",0,0,1,"Fresh","0",0,1,1,140,55,NA,84.3,0,"Passage 0",NA,NA,43809,NA,0,0,NA,NA,NA,NA,NA,NA,NA,NA,-3.2921694,-3.0342339186935,0.155234657039711,0.191335740072202,0.653429602888087
"23",NA,"F2",2,"UW",1,0,2,"Fresh","0",0,2,1,140,35,NA,68.3,0,"Passage 0",NA,NA,43809,NA,0,0,NA,NA,NA,NA,NA,NA,NA,NA,-4.6480337,-3.95541931439006,0.0700389105058366,0.237354085603113,0.692607003891051
"24",NA,"F3",2,"HTK",0,1,3,"Fresh","0",0,3,1,140,30,NA,76.2,0,"Passage 0",NA,NA,43809,NA,0,0,NA,NA,NA,NA,NA,NA,NA,NA,-3.7910884,-2.8420831919954,0.0861244019138756,0.559808612440191,0.354066985645933
"25",NA,"F4",2,"HBSS",0,0,1,"One_day","1",0,1,1,140,1501,7.5,62,0,"Passage 0",NA,NA,43810,NA,0,0,NA,NA,NA,NA,NA,NA,NA,NA,-5.2539323,-2.92972937056773,0.0753968253968254,0.666666666666667,0.257936507936508
"26",NA,"F5",2,"UW",1,0,2,"One_day","1",0,2,1,140,1497,7.4,80,0,"Passage 0",NA,NA,43810,NA,0,0,NA,NA,NA,NA,NA,NA,NA,NA,-3.91841585939982,-5.15392455284325,0.0407239819004525,0.190045248868778,0.769230769230769
"27",NA,"F6",2,"HTK",0,1,3,"One_day","1",0,3,1,128,1494,8.3,54.9,0,"Passage 0",NA,NA,43810,NA,0,0,NA,NA,NA,NA,NA,NA,NA,NA,-5.0292039,-4.26436636097926,0.0592885375494071,0.466403162055336,0.474308300395257
"28",NA,"M7",2,"HBSS",0,0,1,"Two_day","0",1,1,0,174,2985,10.8,78,0,"Passage 0",NA,NA,43811,NA,0,0,NA,NA,NA,NA,NA,NA,NA,NA,-4.2409895,-1.16869254447266,0.0161290322580645,0.391129032258065,0.592741935483871
"29",NA,"M8",2,"UW",1,0,2,"Two_day","0",1,2,0,174,2980,11.2,57.1,0,"Passage 0",NA,NA,43811,NA,0,0,NA,NA,NA,NA,NA,NA,NA,NA,-6.2659206,-3.69533950329259,0.0687022900763359,0.431297709923664,0.5
"30",NA,"F7",2,"HTK",0,1,3,"Two_day","0",1,3,1,128,2955,11.4,69.7,0,"Passage 0",NA,NA,43811,NA,0,0,NA,NA,NA,NA,NA,NA,NA,NA,-4.85371217587217,-4.04386279463411,0.0193905817174515,0.587257617728532,0.393351800554017
"31",NA,"F11",3,"HBSS",0,0,1,"Fresh","0",0,1,1,176,69,NA,87.8,0,"Passage 0",NA,NA,43998,NA,0,0,NA,NA,NA,NA,NA,NA,NA,NA,-2.4809361,-3.17368241563643,0.138576779026217,0.0636704119850187,0.797752808988764
"32",NA,"F12",3,"UW",1,0,2,"Fresh","0",0,2,1,176,70,NA,56,0,"Passage 0",NA,NA,43998,NA,0,0,NA,NA,NA,NA,NA,NA,NA,NA,-2.8504634,-3.73745017605187,0.289099526066351,0.0616113744075829,0.649289099526066
"33",NA,"F13",3,"HTK",0,1,3,"Fresh","0",0,3,1,176,70,NA,67,0,"Passage 0",NA,NA,43998,NA,0,0,NA,NA,NA,NA,NA,NA,NA,NA,-2.2728095,-3.25258743387043,0.208333333333333,0.0740740740740741,0.717592592592593
"34",NA,"F14",3,"HBSS",0,0,1,"One_day","1",0,1,1,176,1516,1.7,60.3,0,"Passage 0",NA,NA,43999,NA,0,0,NA,NA,NA,NA,NA,NA,NA,NA,-3.8597545,-2.47183320271513,0.279527559055118,0.0196850393700787,0.700787401574803
"35",NA,"F15",3,"UW",1,0,2,"One_day","1",0,2,1,176,1516,-0.5,72.2,0,"Passage 0",NA,NA,43999,NA,0,0,NA,NA,NA,NA,NA,NA,NA,NA,-5.3619617,-3.23007574973616,0.254901960784314,0.0235294117647059,0.72156862745098
"36",NA,"F16",3,"HTK",0,1,3,"One_day","1",0,3,1,176,1516,5.9,36.8,0,"Passage 0",NA,NA,43999,NA,0,0,NA,NA,NA,NA,NA,NA,NA,NA,NA,NA,0.446475195822454,0.0443864229765013,0.509138381201044
"37",NA,"F17",3,"HBSS",0,0,1,"Two_day","0",1,1,1,176,3000,6.1,58.2,0,"Passage 0",NA,NA,44000,NA,0,0,NA,NA,NA,NA,NA,NA,NA,NA,NA,NA,0.0354430379746835,0.141772151898734,0.822784810126582
"38",NA,"F18",3,"UW",1,0,2,"Two_day","0",1,2,1,153,2998,6.6,72.7,0,"Passage 0",NA,NA,44000,NA,0,0,NA,NA,NA,NA,NA,NA,NA,NA,NA,NA,0.0766423357664234,0.0510948905109489,0.872262773722628
"39",NA,"F19",3,"HTK",0,1,3,"Two_day","0",1,3,1,153,2996,6.7,56.7,0,"Passage 0",NA,NA,44000,NA,0,0,NA,NA,NA,NA,NA,NA,NA,NA,-3.6686477,-4.14697892861456,0.0497237569060773,0.104972375690608,0.845303867403315
"40",NA,"M9",4,"HBSS",0,0,1,"Fresh","0",0,1,0,136,13,NA,77.5,0,"Passage 0",NA,NA,44062,NA,0,0,NA,NA,NA,NA,NA,NA,NA,NA,-4.0464956,-4.92756326239206,0.0286885245901639,0.55327868852459,0.418032786885246
"41",NA,"M10",4,"UW",1,0,2,"Fresh","0",0,2,0,136,8,NA,80,0,"Passage 0",NA,NA,44062,NA,0,0,NA,NA,NA,NA,NA,NA,NA,NA,-5.063655,-4.7671279389438,NA,NA,NA
"42",NA,"M11",4,"HTK",0,1,3,"Fresh","0",0,3,0,99,3,NA,71.1,0,"Passage 0",NA,NA,44062,NA,0,0,NA,NA,NA,NA,NA,NA,NA,NA,-3.19847,-4.3347614085917,NA,NA,NA
"43",NA,"M12",4,"HBSS",0,0,1,"One_day","1",0,1,0,107,1347,8,96.1,0,"Passage 0",NA,NA,44063,NA,0,0,NA,NA,NA,NA,NA,NA,NA,NA,-4.250711,-4.55430481405997,NA,NA,NA
"44",NA,"M13",4,"UW",1,0,2,"One_day","1",0,2,0,107,1342,8.5,77.3,0,"Passage 0",NA,NA,44063,NA,0,0,NA,NA,NA,NA,NA,NA,NA,NA,-5.1967202,-5.36073419878144,NA,NA,NA
"45",NA,"M14",4,"HTK",0,1,3,"One_day","1",0,3,0,102,1317,8.7,77.3,0,"Passage 0",NA,NA,44063,NA,0,0,NA,NA,NA,NA,NA,NA,NA,NA,-4.2454623,-4.4214618241599,NA,NA,NA
"46",NA,"F23",4,"HBSS",0,0,1,"Two_day","0",1,1,1,102,2986,11.1,69.2,0,"Passage 0",NA,NA,44064,NA,0,0,NA,NA,NA,NA,NA,NA,NA,NA,-4.7662005,-2.0788989739299,NA,NA,NA
"47",NA,"F24",4,"UW",1,0,2,"Two_day","0",1,2,1,136,2981,11.7,80.6,0,"Passage 0",NA,NA,44064,NA,0,0,NA,NA,NA,NA,NA,NA,NA,NA,-4.6460081,-6.6470642831338,0.214285714285714,0.254464285714286,0.53125
"48",NA,"M15",4,"HTK",0,1,3,"Two_day","0",1,3,0,102,2963,12.2,60.4,0,"Passage 0",NA,NA,44064,NA,0,0,NA,NA,NA,NA,NA,NA,NA,NA,-5.5857332,-3.6381479641298,NA,NA,NA
"49",NA,"F25",5,"HBSS",0,0,1,"Fresh","0",0,1,1,120,14,NA,80.6,0,"Passage 0",NA,NA,44132,NA,0,0,NA,NA,NA,NA,NA,NA,NA,NA,-1.94440165581683,-0.934367822682063,NA,NA,NA
"50",NA,"M22",5,"UW",1,0,2,"Fresh","0",0,2,0,136,38,NA,65.9,0,"Passage 0",NA,NA,44132,NA,0,0,NA,NA,NA,NA,NA,NA,NA,NA,-1.94222008626452,-1.26227611104216,NA,NA,NA
"51",NA,"M23",5,"HTK",0,1,3,"Fresh","0",0,3,0,129,27,NA,54,0,"Passage 0",NA,NA,44132,NA,0,0,NA,NA,NA,NA,NA,NA,NA,NA,-1.53248307578083,-1.12413487452193,NA,NA,NA
"52",NA,"M24",5,"HBSS",0,0,1,"One_day","1",0,1,0,136,1503,5.6,72.1,0,"Passage 0",NA,NA,44133,NA,0,0,NA,NA,NA,NA,NA,NA,NA,NA,-2.03153924463759,-0.981697871253793,NA,NA,NA
"53",NA,"F26",5,"UW",1,0,2,"One_day","1",0,2,1,120,1465,5.2,77.6,0,"Passage 0",NA,NA,44133,NA,0,0,NA,NA,NA,NA,NA,NA,NA,NA,-2.42517080825723,-1.6038350715967,NA,NA,NA
"54",NA,"M25",5,"HTK",0,1,3,"One_day","1",0,3,0,129,1477,6.7,56.6,0,"Passage 0",NA,NA,44133,NA,0,0,NA,NA,NA,NA,NA,NA,NA,NA,-1.58249639287046,-0.713685007066523,NA,NA,NA
"55",NA,"M26",5,"HBSS",0,0,1,"Two_day","0",1,1,0,136,2985,8.7,77.8,0,"Passage 0",NA,NA,44134,NA,0,0,NA,NA,NA,NA,NA,NA,NA,NA,-2.70149114758883,-2.51858449052666,NA,NA,NA
"56",NA,"M27",5,"UW",1,0,2,"Two_day","0",1,2,0,129,2978,10.3,72.1,0,"Passage 0",NA,NA,44134,NA,0,0,NA,NA,NA,NA,NA,NA,NA,NA,-3.8196174794626,-1.93758393416713,NA,NA,NA
"57",NA,"M28",5,"HTK",0,1,3,"Two_day","0",1,3,0,129,2957,9.3,55,0,"Passage 0",NA,NA,44134,NA,0,0,NA,NA,NA,NA,NA,NA,NA,NA,-0.790716400261498,0.109016695123071,NA,NA,NA
"58",NA,"M1D",1,"HBSS",0,0,1,"Fresh","0",0,1,0,115,NA,NA,NA,1,"Passage 1",280000,11,43788,43792,4,4,8,1640000,70000,1570000,2,0.44191547941225,1.5685062254027,95.3,1.84192203,0.55254886076936,NA,NA,NA
"59",NA,"M3D",1,"UW",1,0,2,"Fresh","0",0,2,0,115,NA,NA,NA,1,"Passage 1",235000,7,43788,43792,4,4,7,2110000,70000,2040000,2,0.54871442808149,1.2632202564519,90.6,NA,NA,NA,NA,NA
"60",NA,"M5D",1,"HTK",0,1,3,"Fresh","0",0,3,0,115,NA,NA,NA,1,"Passage 1",205000,6,43788,43792,4,4,6,1070000,70000,1e+06,2,0.41310098707939,1.677912186704,91.5,NA,NA,NA,NA,NA
"61",NA,"M2P",1,"HBSS",0,0,1,"One_day","1",0,1,0,115,NA,NA,NA,1,"Passage 1",385000,10,43789,43794,5,5,10,1890000,70000,1820000,2,0.31821775475318,2.1782165520512,94.5,NA,NA,NA,NA,NA
"62",NA,"M4P",1,"UW",1,0,2,"One_day","1",0,2,0,119,NA,NA,NA,1,"Passage 1",385000,11,43789,43794,5,5,11,1530000,70000,1460000,2,0.27595593601974,2.5118038428801,93.9,NA,NA,NA,NA,NA
"63",NA,"M6P",1,"HTK",0,1,3,"One_day","1",0,3,0,119,NA,NA,NA,1,"Passage 1",NA,2,43789,43794,5,5,2,52500,52500,0,2,NA,NA,95.5,NA,NA,NA,NA,NA
"64",NA,"M2D",1,"HBSS",0,0,1,"Two_day","0",1,1,0,115,NA,NA,NA,1,"Passage 1",140000,4,43790,43794,4,4,4,185000,70000,115000,2,0.069678350617255,9.9478126910239,92.5,NA,NA,NA,NA,NA
"65",NA,"M4D",1,"UW",1,0,2,"Two_day","0",1,2,0,119,NA,NA,NA,1,"Passage 1",385000,11,43790,43794,4,4,11,890000,70000,820000,2,0.2094945321096,3.3086647827033,97.3,-2.1377738,-4.12095186929007,NA,NA,NA
"66",NA,"M6D",1,"HTK",0,1,3,"Two_day","0",1,3,0,119,NA,NA,NA,1,"Passage 1",385000,11,43790,43794,4,4,11,1005000,70000,935000,2,0.23987487155135,2.8896198091828,93.9,-3.6746718,-3.31278704618463,NA,NA,NA
"67",NA,"F1",2,"HBSS",0,0,1,"Fresh","0",0,1,1,140,NA,NA,NA,1,"Passage 1",140000,5,43809,43815,6,6,4,395000,70000,325000,2,0.17287389038197,4.00955389520313,81.4,-1.7002109,-0.445572243701534,NA,NA,NA
"68",NA,"F2",2,"UW",1,0,2,"Fresh","0",0,2,1,140,NA,NA,NA,1,"Passage 1",105000,5,43809,43815,6,6,3,645000,70000,575000,2,0.302548327773042,2.29102962049724,86.9,-1.888683,-0.966332009791369,NA,NA,NA
"69",NA,"F3",2,"HTK",0,1,3,"Fresh","0",0,3,1,140,NA,NA,NA,1,"Passage 1",105000,5,43809,43815,6,6,3,527500,70000,457500,2,0.269031419198783,2.57645438820582,94.2,-2.5986423,-2.7638440453443,NA,NA,NA
"70",NA,"F4",2,"HBSS",0,0,1,"One_day","1",0,1,1,140,NA,NA,NA,1,"Passage 1",140000,5,43810,43817,7,7,4,625000,70000,555000,2,0.213729889589585,3.2430989502262,77.4,-0.9158172,-0.802690707454268,NA,NA,NA
"71",NA,"F5",2,"UW",1,0,2,"One_day","1",0,2,1,140,NA,NA,NA,1,"Passage 1",140000,5,43810,43817,7,7,4,552500,70000,482500,2,0.196115858683229,3.53437598169729,94.4,0.2193532,-0.00572461939473341,NA,NA,NA
"72",NA,"F6",2,"HTK",0,1,3,"One_day","1",0,3,1,128,NA,NA,NA,1,"Passage 1",140000,5,43810,43817,7,7,4,377500,70000,307500,2,0.141704020868539,4.89151384915878,89.3,1.45406673,0.592680656419166,NA,NA,NA
"73",NA,"M7",2,"HBSS",0,0,1,"Two_day","0",1,1,0,174,NA,NA,NA,1,"Passage 1",140000,5,43811,43817,6,6,3,152500,70000,82500,2,0.014253695573027,48.6292959610856,88.4,-0.3047337,-0.223823826642466,NA,NA,NA
"74",NA,"M8",2,"UW",1,0,2,"Two_day","0",1,2,0,174,NA,NA,NA,1,"Passage 1",105000,5,43811,43817,6,6,3,295000,70000,225000,2,0.172169167697049,4.02596579766021,92.2,NA,NA,NA,NA,NA
"75",NA,"F7",2,"HTK",0,1,3,"Two_day","0",1,3,1,128,NA,NA,NA,1,"Passage 1",105000,5,43811,43817,6,6,3,42500,12500,30000,1,-0.150742712371192,-4.59821353653983,89.5,-1.9876882,-1.52696381504017,NA,NA,NA
"76",NA,"F11",3,"HBSS",0,0,1,"Fresh","0",0,1,1,176,NA,NA,NA,1,"Passage 1",140000,4,43998,44004,6,6,4,1150000,70000,1080000,2,0.350979133124665,1.9748956993228,76.9,NA,NA,NA,NA,NA
"77",NA,"F12",3,"UW",1,0,2,"Fresh","0",0,2,1,176,NA,NA,NA,1,"Passage 1",140000,4,43998,44004,6,6,4,795000,70000,725000,2,0.289449948674171,2.39470479692573,77.9,-4.8060985,-2.27723992300123,NA,NA,NA
"78",NA,"F13",3,"HTK",0,1,3,"Fresh","0",0,3,1,176,NA,NA,NA,1,"Passage 1",140000,4,43998,44004,6,6,4,1140000,70000,1070000,2,0.349523519796539,1.98312028032744,79.2,NA,NA,NA,NA,NA
"79",NA,"F14",3,"HBSS",0,0,1,"One_day","1",0,1,1,176,NA,NA,NA,1,"Passage 1",140000,4,43999,44005,6,6,4,565000,70000,495000,2,0.232530551422856,2.98088649563927,55.1,-1.0746869,-0.285546245193299,NA,NA,NA
"80",NA,"F15",3,"UW",1,0,2,"One_day","1",0,2,1,176,NA,NA,NA,1,"Passage 1",140000,4,43999,44005,6,6,4,325000,70000,255000,2,0.140363793286739,4.93821921116057,72.2,NA,NA,NA,NA,NA
"81",NA,"F16",3,"HTK",0,1,3,"One_day","1",0,3,1,176,NA,NA,NA,1,"Passage 1",140000,4,43999,44005,6,6,4,150000,70000,80000,2,0.0114988119144919,60.2798954982797,58.8,0.66644625,0.255129151896238,NA,NA,NA
"82",NA,"F17",3,"HBSS",0,0,1,"Two_day","0",1,1,1,176,NA,NA,NA,1,"Passage 1",140000,4,44000,44005,5,5,4,140000,70000,70000,2,0,NA,58.3,NA,NA,NA,NA,NA
"83",NA,"F18",3,"UW",1,0,2,"Two_day","0",1,2,1,153,NA,NA,NA,1,"Passage 1",140000,4,44000,44005,5,5,4,120000,70000,50000,2,-0.0308301359654517,-22.4827805280096,85.7,NA,NA,NA,NA,NA
"84",NA,"F19",3,"HTK",0,1,3,"Two_day","0",1,3,1,153,NA,NA,NA,1,"Passage 1",140000,4,44000,44005,5,5,4,70000,35000,35000,2,-0.138629436111989,-5,56,NA,NA,NA,NA,NA
"85",NA,"M9",4,"HBSS",0,0,1,"Fresh","0",0,1,0,136,NA,NA,NA,1,"Passage 1",280000,8,44062,44067,5,5,8,1880000,70000,1810000,2,0.380847490530949,1.82001246639071,87.4,-2.4069389,-3.22935400887603,NA,NA,NA
"86",NA,"M10",4,"UW",1,0,2,"Fresh","0",0,2,0,136,NA,NA,NA,1,"Passage 1",280000,8,44062,44067,5,5,8,960000,70000,890000,2,0.246428736258526,2.81276928609807,80.7,-3.1615057,-3.26294927266621,NA,NA,NA
"87",NA,"M11",4,"HTK",0,1,3,"Fresh","0",0,3,0,99,NA,NA,NA,1,"Passage 1",280000,8,44062,44067,5,5,8,1820000,70000,1750000,2,0.374360435380318,1.85155031101448,83.4,-1.9879756,-3.18393711446467,NA,NA,NA
"88",NA,"M12",4,"HBSS",0,0,1,"One_day","1",0,1,0,107,NA,NA,NA,1,"Passage 1",280000,8,44063,44067,4,4,8,295000,70000,225000,2,0.0130464382926426,53.1292269209475,92.2,-4.9446793,-4.45993096042736,NA,NA,NA
"89",NA,"M13",4,"UW",1,0,2,"One_day","1",0,2,0,107,NA,NA,NA,1,"Passage 1",280000,8,44063,44067,4,4,8,880000,70000,810000,2,0.286283076075751,2.42119509843655,96.7,-2.9402003,-3.30667065283236,NA,NA,NA
"90",NA,"M14",4,"HTK",0,1,3,"One_day","1",0,3,0,102,NA,NA,NA,1,"Passage 1",280000,8,44063,44067,4,4,8,790000,70000,720000,2,0.259310835572954,2.67303593013542,80.6,-2.4600937,-2.90166146106493,NA,NA,NA
"91",NA,"F23",4,"HBSS",0,0,1,"Two_day","0",1,1,1,102,NA,NA,NA,1,"Passage 1",175000,5,44064,44069,5,5,5,142500,35000,107500,1,-0.0410887948429618,-16.8694940605852,79.2,-4.3584159,-3.68710135612823,NA,NA,NA
"92",NA,"F24",4,"UW",1,0,2,"Two_day","0",1,2,1,136,NA,NA,NA,1,"Passage 1",175000,5,44064,44069,5,5,5,82500,35000,47500,1,-0.150397536116576,-4.60876686186318,70.2,-1.9473309,-2.63897238430699,NA,NA,NA
"93",NA,"M15",4,"HTK",0,1,3,"Two_day","0",1,3,0,102,NA,NA,NA,1,"Passage 1",175000,5,44064,44069,5,5,5,185000,35000,150000,1,0.0111139702309622,62.3671978739805,80.4,-4.453582,-3.78823018598839,NA,NA,NA
"94",NA,"F25",5,"HBSS",0,0,1,"Fresh","0",0,1,1,120,NA,NA,NA,1,"Passage 1",210000,6,44132,44139,7,7,6,720000,70000,650000,2,0.176020525898947,3.9378770005373,53.3,-2.3982600230278,0.667171202172,NA,NA,NA
"95",NA,"M22",5,"UW",1,0,2,"Fresh","0",0,2,0,136,NA,NA,NA,1,"Passage 1",210000,6,44132,44139,7,7,6,1510000,70000,1440000,2,0.2818224855845,2.45951695132614,64,-1.8665971090366,0.724906603295569,NA,NA,NA
"96",NA,"M23",5,"HTK",0,1,3,"Fresh","0",0,3,0,129,NA,NA,NA,1,"Passage 1",210000,6,44132,44139,7,7,6,2080000,70000,2010000,2,0.327573663139699,2.11600399713557,75.1,-1.38555564717754,1.05252180155507,NA,NA,NA
"97",NA,"M24",5,"HBSS",0,0,1,"One_day","1",0,1,0,136,NA,NA,NA,1,"Passage 1",210000,6,44133,44139,6,6,6,640000,70000,570000,2,0.185726774272708,3.73208000448108,85.3,-1.79207932574494,1.17686458389106,NA,NA,NA
"98",NA,"F26",5,"UW",1,0,2,"One_day","1",0,2,1,120,NA,NA,NA,1,"Passage 1",210000,6,44133,44139,6,6,6,1220000,70000,1150000,2,0.293249767834972,2.36367512130484,86.5,-1.6697801213633,1.7778836201805,NA,NA,NA
"99",NA,"M25",5,"HTK",0,1,3,"One_day","1",0,3,0,129,NA,NA,NA,1,"Passage 1",210000,6,44133,44139,6,6,6,670000,70000,6e+05,2,0.193361696944591,3.58471812935409,58.8,-1.12574987098893,1.8555685232251,NA,NA,NA
"100",NA,"M26",5,"HBSS",0,0,1,"Two_day","0",1,1,0,136,NA,NA,NA,1,"Passage 1",210000,6,44134,44141,7,7,6,330000,70000,260000,2,0.0645693033918653,10.7349335388257,67.3,-0.726153808074134,-1.23064895638824,NA,NA,NA
"101",NA,"M27",5,"UW",1,0,2,"Two_day","0",1,2,0,129,NA,NA,NA,1,"Passage 1",210000,6,44134,44141,7,7,6,1120000,70000,1050000,2,0.239139490510239,2.89850571765046,79.4,-2.74975895600774,0.5404511409779,NA,NA,NA
"102",NA,"M28",5,"HTK",0,1,3,"Two_day","0",1,3,0,129,NA,NA,NA,1,"Passage 1",210000,6,44134,44141,7,7,6,620000,70000,550000,2,0.154658849617381,4.48178156164202,62.6,-3.07537003893657,-0.648467716737269,NA,NA,NA
"103",NA,"M1D",1,"HBSS",0,0,1,"Fresh","0",0,1,0,115,NA,NA,NA,2,"Passage 2",70000,2,43792,43795,3,7,2,155000,70000,85000,2,0.264976624956629,2.6158804787909,91.2,NA,NA,NA,NA,NA
"104",NA,"M3D",1,"UW",1,0,2,"Fresh","0",0,2,0,115,NA,NA,NA,2,"Passage 2",70000,2,43792,43795,3,7,2,642500,70000,572500,2,0.738957191573339,0.938007219449536,92.4,NA,NA,NA,NA,NA
"105",NA,"M5D",1,"HTK",0,1,3,"Fresh","0",0,3,0,115,NA,NA,NA,2,"Passage 2",70000,2,43792,43795,3,7,2,295000,70000,225000,2,0.479493371430154,1.44558240397055,85.5,NA,NA,NA,NA,NA
"106",NA,"M2P",1,"HBSS",0,0,1,"One_day","1",0,1,0,115,NA,NA,NA,2,"Passage 2",70000,2,43794,43800,6,11,2,278000,70000,208000,2,0.229854311940213,3.0155935501451,83.7,NA,NA,NA,NA,NA
"107",NA,"M4P",1,"UW",1,0,2,"One_day","1",0,2,0,119,NA,NA,NA,2,"Passage 2",70000,2,43794,43800,6,11,2,292000,70000,222000,2,0.23804309336982,2.91185587763759,75.3,NA,NA,NA,NA,NA
"108",NA,"M6P",1,"HTK",0,1,3,"One_day","1",0,3,0,119,NA,NA,NA,2,"Passage 2",52500,2,43794,43800,6,11,2,146000,70000,76000,2,0.170465575351793,4.06620034062293,88,NA,NA,NA,NA,NA
"109",NA,"M2D",1,"HBSS",0,0,1,"Two_day","0",1,1,0,115,NA,NA,NA,2,"Passage 2",70000,2,43794,43800,6,10,2,368000,70000,298000,2,0.276597949353262,2.50597367833223,82.1,NA,NA,NA,NA,NA
"110",NA,"M4D",1,"UW",1,0,2,"Two_day","0",1,2,0,119,NA,NA,NA,2,"Passage 2",70000,2,43794,43800,6,10,2,212000,70000,142000,2,0.184681838770442,3.75319622749436,75.7,NA,NA,NA,NA,NA
"111",NA,"M6D",1,"HTK",0,1,3,"Two_day","0",1,3,0,119,NA,NA,NA,2,"Passage 2",70000,2,43794,43800,6,10,2,312000,70000,242000,2,0.249084657626687,2.78277749888069,75.4,NA,NA,NA,NA,NA
"112",NA,"F1",2,"HBSS",0,0,1,"Fresh","0",0,1,1,140,NA,NA,NA,2,"Passage 2",70000,2,43815,43819,4,10,2,340000,35000,305000,1,0.395112593890212,1.75430292852813,78.2,NA,NA,NA,NA,NA
"113",NA,"F2",2,"UW",1,0,2,"Fresh","0",0,2,1,140,NA,NA,NA,2,"Passage 2",70000,2,43815,43819,4,10,2,167500,35000,132500,1,0.218122027303941,3.17779542546652,84.8,NA,NA,NA,NA,NA
"114",NA,"F3",2,"HTK",0,1,3,"Fresh","0",0,3,1,140,NA,NA,NA,2,"Passage 2",70000,2,43815,43819,4,10,2,377500,35000,342500,1,0.42126883165993,1.64537969217597,86.8,NA,NA,NA,NA,NA
"115",NA,"F4",2,"HBSS",0,0,1,"One_day","1",0,1,1,140,NA,NA,NA,2,"Passage 2",70000,2,43817,43819,2,9,2,111000,35000,76000,1,0.230517479631488,3.00691809431559,89.8,NA,NA,NA,NA,NA
"116",NA,"F5",2,"UW",1,0,2,"One_day","1",0,2,1,140,NA,NA,NA,2,"Passage 2",70000,2,43817,43819,2,9,2,105000,35000,70000,1,0.202732554054082,3.41902258270291,93.3,NA,NA,NA,NA,NA
"117",NA,"F6",2,"HTK",0,1,3,"One_day","1",0,3,1,128,NA,NA,NA,2,"Passage 2",70000,2,43817,43819,2,9,2,75000,35000,40000,1,0.0344964357434757,20.0932984994266,85.7,NA,NA,NA,NA,NA
"118",NA,"M7",2,"HBSS",0,0,1,"Two_day","0",1,1,0,174,NA,NA,NA,2,"Passage 2",70000,2,43817,43819,2,8,2,175000,35000,140000,1,0.458145365937078,1.51294159473206,89.6,NA,NA,NA,NA,NA
"119",NA,"M8",2,"UW",1,0,2,"Two_day","0",1,2,0,174,NA,NA,NA,2,"Passage 2",70000,2,43817,43819,2,8,2,55000,35000,20000,1,-0.120581028408444,-5.74839333939041,73.3,NA,NA,NA,NA,NA
"120",NA,"F7",2,"HTK",0,1,3,"Two_day","0",1,3,1,128,NA,NA,NA,2,"Passage 2",12500,1,43817,43819,2,8,1,85000,35000,50000,1,0.958461306091031,0.723187442367249,81,NA,NA,NA,NA,NA
"121",NA,"F11",3,"HBSS",0,0,1,"Fresh","0",0,1,1,176,NA,NA,NA,2,"Passage 2",70000,2,44004,44007,3,9,2,142500,70000,72500,2,0.236948919219782,2.92530214040359,74,NA,NA,NA,NA,NA
"122",NA,"F12",3,"UW",1,0,2,"Fresh","0",0,2,1,176,NA,NA,NA,2,"Passage 2",70000,2,44004,44007,3,9,2,162500,70000,92500,2,0.280727586573478,2.46910960558029,79.3,NA,NA,NA,NA,NA
"123",NA,"F13",3,"HTK",0,1,3,"Fresh","0",0,3,1,176,NA,NA,NA,2,"Passage 2",70000,2,44004,44007,3,9,2,117500,70000,47500,2,0.172647697178285,4.01480698490966,66.3,NA,NA,NA,NA,NA
"124",NA,"F14",3,"HBSS",0,0,1,"One_day","1",0,1,1,176,NA,NA,NA,2,"Passage 2",70000,2,44005,44007,2,8,2,67500,67500,0,2,-0.0181838220854374,-38.1188936684029,60,NA,NA,NA,NA,NA
"125",NA,"F15",3,"UW",1,0,2,"One_day","1",0,2,1,176,NA,NA,NA,2,"Passage 2",70000,2,44005,44007,2,8,2,57500,57500,0,2,-0.0983551471230271,-7.04739101953581,82.1,NA,NA,NA,NA,NA
"126",NA,"F16",3,"HTK",0,1,3,"One_day","1",0,3,1,176,NA,NA,NA,2,"Passage 2",70000,2,44005,44007,2,8,2,52500,52500,0,2,-0.14384103622589,-4.81884167930642,84,NA,NA,NA,NA,NA
"127",NA,"F17",3,"HBSS",0,0,1,"Two_day","0",1,1,1,176,NA,NA,NA,2,"Passage 2",70000,2,44005,44007,2,7,2,42500,42500,0,2,-0.249495583059494,-2.77819419510389,53,NA,NA,NA,NA,NA
"128",NA,"F18",3,"UW",1,0,2,"Two_day","0",1,2,1,153,NA,NA,NA,2,"Passage 2",70000,2,44005,44007,2,7,2,92500,70000,22500,2,0.13935670123451,4.97390634551196,80.4,NA,NA,NA,NA,NA
"129",NA,"F19",3,"HTK",0,1,3,"Two_day","0",1,3,1,153,NA,NA,NA,2,"Passage 2",35000,2,44005,44007,2,7,2,60000,60000,0,2,0.269498250366343,2.57199139370186,77.4,NA,NA,NA,NA,NA
"130",NA,"M9",4,"HBSS",0,0,1,"Fresh","0",0,1,0,136,NA,NA,NA,2,"Passage 2",70000,2,44067,44073,6,11,2,840000,70000,770000,2,0.414151108298,1.67365767390678,79.6208530805687,NA,NA,NA,NA,NA
"131",NA,"M10",4,"UW",1,0,2,"Fresh","0",0,2,0,136,NA,NA,NA,2,"Passage 2",70000,2,44067,44073,6,11,2,830000,70000,760000,2,0.412155076456881,1.68176305510691,84.6938775510204,NA,NA,NA,NA,NA
"132",NA,"M11",4,"HTK",0,1,3,"Fresh","0",0,3,0,99,NA,NA,NA,2,"Passage 2",70000,2,44067,44073,6,11,2,320000,70000,250000,2,0.253304292290736,2.73642098320375,71.1111111111111,NA,NA,NA,NA,NA
"133",NA,"M12",4,"HBSS",0,0,1,"One_day","1",0,1,0,107,NA,NA,NA,2,"Passage 2",70000,2,44067,44073,6,10,2,505000,70000,435000,2,0.329343864537667,2.10463061618891,83.4710743801653,NA,NA,NA,NA,NA
"134",NA,"M13",4,"UW",1,0,2,"One_day","1",0,2,0,107,NA,NA,NA,2,"Passage 2",70000,2,44067,44073,6,10,2,450000,70000,380000,2,0.310125390119168,2.23505460257091,83.3333333333333,NA,NA,NA,NA,NA
"135",NA,"M14",4,"HTK",0,1,3,"One_day","1",0,3,0,102,NA,NA,NA,2,"Passage 2",70000,2,44067,44073,6,10,2,790000,70000,720000,2,0.403922950568618,1.71603811960716,79.3969849246231,NA,NA,NA,NA,NA
"136",NA,"F23",4,"HBSS",0,0,1,"Two_day","0",1,1,1,102,NA,NA,NA,2,"Passage 2",35000,1,44069,44073,4,9,1,147500,70000,77500,2,0.359620028572615,1.92744320529407,84.2857142857143,NA,NA,NA,NA,NA
"137",NA,"F24",4,"UW",1,0,2,"Two_day","0",1,2,1,136,NA,NA,NA,2,"Passage 2",35000,1,44069,44073,4,9,1,120000,70000,50000,2,0.308035920323158,2.25021542887846,85.7142857142857,NA,NA,NA,NA,NA
"138",NA,"M15",4,"HTK",0,1,3,"Two_day","0",1,3,0,102,NA,NA,NA,2,"Passage 2",35000,1,44069,44073,4,9,1,147500,70000,77500,2,0.359620028572615,1.92744320529407,88.0597014925373,NA,NA,NA,NA,NA
"139",NA,"F25",5,"HBSS",0,0,1,"Fresh","0",0,1,1,120,NA,NA,NA,2,"Passage 2",70000,2,44139,44146,7,14,2,350000,70000,280000,2,0.2299197017763,3.01473590651375,44.3,NA,NA,NA,NA,NA
"140",NA,"M22",5,"UW",1,0,2,"Fresh","0",0,2,0,136,NA,NA,NA,2,"Passage 2",70000,2,44139,44146,7,14,2,535000,70000,465000,2,0.290538786406664,2.38573028108459,57.5,NA,NA,NA,NA,NA
"141",NA,"M23",5,"HTK",0,1,3,"Fresh","0",0,3,0,129,NA,NA,NA,2,"Passage 2",70000,2,44139,44146,7,14,2,435000,70000,365000,2,0.260978684148475,2.6559532354972,58,NA,NA,NA,NA,NA
"142",NA,"M24",5,"HBSS",0,0,1,"One_day","1",0,1,0,136,NA,NA,NA,2,"Passage 2",70000,2,44139,44146,7,13,2,360000,70000,290000,2,0.233944112771542,2.96287507451336,55,NA,NA,NA,NA,NA
"143",NA,"F26",5,"UW",1,0,2,"One_day","1",0,2,1,120,NA,NA,NA,2,"Passage 2",70000,2,44139,44146,7,13,2,590000,70000,520000,2,0.304518184978629,2.27620948354394,66.3,NA,NA,NA,NA,NA
"144",NA,"M25",5,"HTK",0,1,3,"One_day","1",0,3,0,129,NA,NA,NA,2,"Passage 2",70000,2,44139,44146,7,13,2,3e+05,70000,230000,2,0.207898176086692,3.33407052244128,54.1,NA,NA,NA,NA,NA
"145",NA,"M26",5,"HBSS",0,0,1,"Two_day","0",1,1,0,136,NA,NA,NA,2,"Passage 2",70000,2,44141,44146,7,14,2,275000,70000,205000,2,0.195467979373887,3.5460906833958,61.8,NA,NA,NA,NA,NA
"146",NA,"M27",5,"UW",1,0,2,"Two_day","0",1,2,0,129,NA,NA,NA,2,"Passage 2",70000,2,44141,44146,7,14,2,470000,70000,4e+05,2,0.272033921807821,2.54801745294699,63.1,NA,NA,NA,NA,NA
"147",NA,"M28",5,"HTK",0,1,3,"Two_day","0",1,3,0,129,NA,NA,NA,2,"Passage 2",70000,2,44141,44146,7,14,2,460000,70000,390000,2,0.268961606776255,2.57712313987091,63,NA,NA,NA,NA,NA
"148",NA,"M1D",1,"HBSS",0,0,1,"Fresh","0",0,1,0,115,NA,NA,NA,3,"Passage 3",70000,2,43795,43800,5,12,2,484000,70000,414000,2,0.386717932933455,1.79238437509755,83.2,NA,NA,NA,NA,NA
"149",NA,"M3D",1,"UW",1,0,2,"Fresh","0",0,2,0,115,NA,NA,NA,3,"Passage 3",70000,2,43795,43800,5,12,2,326000,70000,256000,2,0.30768042786347,2.25281531676601,85.8,NA,NA,NA,NA,NA
"150",NA,"M5D",1,"HTK",0,1,3,"Fresh","0",0,3,0,115,NA,NA,NA,3,"Passage 3",70000,2,43795,43800,5,12,2,428000,70000,358000,2,0.362125590706488,1.91410714500362,87.3,NA,NA,NA,NA,NA
"151",NA,"M2P",1,"HBSS",0,0,1,"One_day","1",0,1,0,115,NA,NA,NA,3,"Passage 3",70000,2,43800,43804,4,15,2,157500,70000,87500,2,0.202732554054082,3.41902258270291,84,NA,NA,NA,NA,NA
"152",NA,"M4P",1,"UW",1,0,2,"One_day","1",0,2,0,119,NA,NA,NA,3,"Passage 3",70000,2,43800,43804,4,15,2,332500,70000,262500,2,0.389536154511637,1.7794168077388,84.7,NA,NA,NA,NA,NA
"153",NA,"M6P",1,"HTK",0,1,3,"One_day","1",0,3,0,119,NA,NA,NA,3,"Passage 3",70000,2,43800,43804,4,15,2,137500,70000,67500,2,0.168782168764317,4.10675597804315,76.4,NA,NA,NA,NA,NA
"154",NA,"M2D",1,"HBSS",0,0,1,"Two_day","0",1,1,0,115,NA,NA,NA,3,"Passage 3",70000,2,43800,43804,4,14,2,295000,70000,225000,2,0.359620028572615,1.92744320529407,83.1,NA,NA,NA,NA,NA
"155",NA,"M4D",1,"UW",1,0,2,"Two_day","0",1,2,0,119,NA,NA,NA,3,"Passage 3",70000,2,43800,43804,4,14,2,215000,70000,145000,2,0.280535696519576,2.47079850856548,77.5,NA,NA,NA,NA,NA
"156",NA,"M6D",1,"HTK",0,1,3,"Two_day","0",1,3,0,119,NA,NA,NA,3,"Passage 3",70000,2,43800,43804,4,14,2,320000,70000,250000,2,0.379956438436103,1.82428065546917,93.4,NA,NA,NA,NA,NA
"157",NA,"F1",2,"HBSS",0,0,1,"Fresh","0",0,1,1,140,NA,NA,NA,3,"Passage 3",35000,1,43819,43822,3,13,1,158000,35000,123000,1,0.502415657179184,1.37962894001279,97.5,NA,NA,NA,NA,NA
"158",NA,"F2",2,"UW",1,0,2,"Fresh","0",0,2,1,140,NA,NA,NA,3,"Passage 3",35000,1,43819,43822,3,13,1,80000,35000,45000,1,0.275559524394823,2.51541724816886,71.4,NA,NA,NA,NA,NA
"159",NA,"F3",2,"HTK",0,1,3,"Fresh","0",0,3,1,140,NA,NA,NA,3,"Passage 3",35000,1,43819,43822,3,13,1,92000,35000,57000,1,0.322146838519876,2.1516497996524,80.7,NA,NA,NA,NA,NA
"160",NA,"F4",2,"HBSS",0,0,1,"One_day","1",0,1,1,140,NA,NA,NA,3,"Passage 3",35000,1,43819,43822,3,12,1,120000,35000,85000,1,0.410714560430877,1.68766157165884,70.6,NA,NA,NA,NA,NA
"161",NA,"F5",2,"UW",1,0,2,"One_day","1",0,2,1,140,NA,NA,NA,3,"Passage 3",35000,1,43819,43822,3,12,1,34000,35000,-1000,1,-0.0096625122910841,-71.7357101009366,77.3,NA,NA,NA,NA,NA
"162",NA,"F6",2,"HTK",0,1,3,"One_day","1",0,3,1,128,NA,NA,NA,3,"Passage 3",35000,1,43819,43822,3,12,1,192000,35000,157000,1,0.567382436846123,1.2216578017693,88.1,NA,NA,NA,NA,NA
"163",NA,"M7",2,"HBSS",0,0,1,"Two_day","0",1,1,0,174,NA,NA,NA,3,"Passage 3",35000,1,43819,43822,3,11,1,130000,35000,95000,1,0.437395462988723,1.58471506728413,84.4,NA,NA,NA,NA,NA
"164",NA,"M8",2,"UW",1,0,2,"Two_day","0",1,2,0,174,NA,NA,NA,3,"Passage 3",35000,1,43819,43822,3,11,1,1e+05,35000,65000,1,0.349940708166226,1.98075606634108,80.6,NA,NA,NA,NA,NA
"165",NA,"F7",2,"HTK",0,1,3,"Two_day","0",1,3,1,128,NA,NA,NA,3,"Passage 3",35000,1,43819,43822,3,11,1,12000,12000,0,1,-0.356813803900471,-1.94260192005714,54.5,NA,NA,NA,NA,NA
"166",NA,"F11",3,"HBSS",0,0,1,"Fresh","0",0,1,1,176,NA,NA,NA,3,"Passage 3",70000,2,44007,44011,4,13,2,167500,70000,97500,2,0.218122027303941,3.17779542546652,57.7586206896552,NA,NA,NA,NA,NA
"167",NA,"F12",3,"UW",1,0,2,"Fresh","0",0,2,1,176,NA,NA,NA,3,"Passage 3",70000,2,44007,44011,4,13,2,177500,70000,107500,2,0.232618841716528,2.97975510257515,59.1666666666667,NA,NA,NA,NA,NA
"168",NA,"F13",3,"HTK",0,1,3,"Fresh","0",0,3,1,176,NA,NA,NA,3,"Passage 3",70000,2,44007,44011,4,13,2,432500,70000,362500,2,0.455271771080644,1.52249101435539,77.5784753363229,NA,NA,NA,NA,NA
"169",NA,"F14",3,"HBSS",0,0,1,"One_day","1",0,1,1,176,NA,NA,NA,3,"Passage 3",67500,2,44007,44011,4,12,2,175000,70000,105000,2,0.238164594011257,2.91037038245568,64.8148148148148,NA,NA,NA,NA,NA
"170",NA,"F15",3,"UW",1,0,2,"One_day","1",0,2,1,176,NA,NA,NA,3,"Passage 3",57500,2,44007,44011,4,12,2,255000,70000,185000,2,0.37236964933878,1.8614491857507,78.4615384615385,NA,NA,NA,NA,NA
"171",NA,"F16",3,"HTK",0,1,3,"One_day","1",0,3,1,176,NA,NA,NA,3,"Passage 3",52500,2,44007,44011,4,12,2,137500,70000,67500,2,0.240702686877262,2.8796819410387,69.620253164557,NA,NA,NA,NA,NA
"172",NA,"F17",3,"HBSS",0,0,1,"Two_day","0",1,1,1,176,NA,NA,NA,3,"Passage 3",42500,2,44007,44011,4,11,2,222500,70000,152500,2,0.413855756418981,1.6748520947434,83.9622641509434,NA,NA,NA,NA,NA
"173",NA,"F18",3,"UW",1,0,2,"Two_day","0",1,2,1,153,NA,NA,NA,3,"Passage 3",70000,2,44007,44011,4,11,2,127500,70000,57500,2,0.14990528063728,4.62390102345443,77.2727272727273,NA,NA,NA,NA,NA
"174",NA,"F19",3,"HTK",0,1,3,"Two_day","0",1,3,1,153,NA,NA,NA,3,"Passage 3",60000,2,44007,44011,4,11,2,2e+05,70000,130000,2,0.300993201081484,2.30286656997378,84.2105263157895,NA,NA,NA,NA,NA
"175",NA,"M9",4,"HBSS",0,0,1,"Fresh","0",0,1,0,136,NA,NA,NA,3,"Passage 3",70000,2,44073,44076,3,14,2,340000,70000,270000,2,0.526816791853616,1.3157271963961,69.0355329949239,NA,NA,NA,NA,NA
"176",NA,"M10",4,"UW",1,0,2,"Fresh","0",0,2,0,136,NA,NA,NA,3,"Passage 3",70000,2,44073,44076,3,14,2,240000,70000,170000,2,0.410714560430877,1.68766157165884,65.7534246575342,NA,NA,NA,NA,NA
"177",NA,"M11",4,"HTK",0,1,3,"Fresh","0",0,3,0,99,NA,NA,NA,3,"Passage 3",70000,2,44073,44076,3,14,2,305000,70000,235000,2,0.490605511519351,1.41284018276384,65.24064171123,NA,NA,NA,NA,NA
"178",NA,"M12",4,"HBSS",0,0,1,"One_day","1",0,1,0,107,NA,NA,NA,3,"Passage 3",70000,2,44073,44076,3,13,2,198333,70000,128333,2,0.347150731384827,1.99667498263621,70.7317073170732,NA,NA,NA,NA,NA
"179",NA,"M13",4,"UW",1,0,2,"One_day","1",0,2,0,107,NA,NA,NA,3,"Passage 3",70000,2,44073,44076,3,13,2,340000,70000,270000,2,0.526816791853616,1.3157271963961,85,NA,NA,NA,NA,NA
"180",NA,"M14",4,"HTK",0,1,3,"One_day","1",0,3,0,102,NA,NA,NA,3,"Passage 3",70000,2,44073,44076,3,13,2,322500,70000,252500,2,0.509202631395489,1.36124037430904,84.3137254901961,NA,NA,NA,NA,NA
"181",NA,"F23",4,"HBSS",0,0,1,"Two_day","0",1,1,1,102,NA,NA,NA,3,"Passage 3",70000,2,44073,44076,3,12,2,410000,70000,340000,2,0.589220639216331,1.17637966905205,84.1025641025641,NA,NA,NA,NA,NA
"182",NA,"F24",4,"UW",1,0,2,"Two_day","0",1,2,1,136,NA,NA,NA,3,"Passage 3",70000,2,44073,44076,3,12,2,222500,70000,152500,2,0.385477286518979,1.79815310733183,80.9090909090909,NA,NA,NA,NA,NA
"183",NA,"M15",4,"HTK",0,1,3,"Two_day","0",1,3,0,102,NA,NA,NA,3,"Passage 3",70000,2,44073,44076,3,12,2,297500,70000,227500,2,0.482306327645442,1.43715133065702,71.6867469879518,NA,NA,NA,NA,NA
"184",NA,"F25",5,"HBSS",0,0,1,"Fresh","0",0,1,1,120,NA,NA,NA,3,"Passage 3",70000,2,44146,44152,6,20,2,350000,70000,280000,2,0.26823965207235,2.58405934844036,58.3333333333333,NA,NA,NA,NA,NA
"185",NA,"M22",5,"UW",1,0,2,"Fresh","0",0,2,0,136,NA,NA,NA,3,"Passage 3",70000,2,44146,44152,6,20,2,315000,70000,245000,2,0.250679566129379,2.76507252371022,48.8372093023256,NA,NA,NA,NA,NA
"186",NA,"M23",5,"HTK",0,1,3,"Fresh","0",0,3,0,129,NA,NA,NA,3,"Passage 3",70000,2,44146,44152,6,20,2,385000,70000,315000,2,0.284124682039738,2.4395880554404,60.15625,NA,NA,NA,NA,NA
"187",NA,"M24",5,"HBSS",0,0,1,"One_day","1",0,1,0,136,NA,NA,NA,3,"Passage 3",70000,2,44146,44152,6,19,2,380000,70000,310000,2,0.281946001778512,2.45843947489087,46.9135802469136,NA,NA,NA,NA,NA
"188",NA,"F26",5,"UW",1,0,2,"One_day","1",0,2,1,120,NA,NA,NA,3,"Passage 3",70000,2,44146,44152,6,19,2,295000,70000,225000,2,0.239746685715077,2.8911648079411,59.5959595959596,NA,NA,NA,NA,NA
"189",NA,"M25",5,"HTK",0,1,3,"One_day","1",0,3,0,129,NA,NA,NA,3,"Passage 3",70000,2,44146,44152,6,19,2,135000,70000,65000,2,0.109463256064845,6.33223608979191,34.1772151898734,NA,NA,NA,NA,NA
"190",NA,"M26",5,"HBSS",0,0,1,"Two_day","0",1,1,0,136,NA,NA,NA,3,"Passage 3",70000,2,44146,44152,6,20,2,445000,70000,375000,2,0.308263173352814,2.24855655971148,57.4193548387097,NA,NA,NA,NA,NA
"191",NA,"M27",5,"UW",1,0,2,"Two_day","0",1,2,0,129,NA,NA,NA,3,"Passage 3",70000,2,44146,44152,6,20,2,230000,70000,160000,2,0.198264011145639,3.49608169710023,52.8735632183908,NA,NA,NA,NA,NA
"192",NA,"M28",5,"HTK",0,1,3,"Two_day","0",1,3,0,129,NA,NA,NA,3,"Passage 3",70000,2,44146,44152,6,20,2,1070000,70000,1e+06,2,0.454486447567765,1.52512178145113,68.1528662420382,NA,NA,NA,NA,NA
"193",NA,"M1D",1,"HBSS",0,0,1,"Fresh","0",0,1,0,115,NA,NA,NA,4,"Passage 4",70000,2,43800,43804,4,16,2,290000,105000,185000,3,0.35534642023279,1.95062378876888,87.9,NA,NA,NA,NA,NA
"194",NA,"M3D",1,"UW",1,0,2,"Fresh","0",0,2,0,115,NA,NA,NA,4,"Passage 4",70000,2,43800,43804,4,16,2,190000,105000,85000,3,0.249632207527782,2.77667368095042,87.4,NA,NA,NA,NA,NA
"195",NA,"M5D",1,"HTK",0,1,3,"Fresh","0",0,3,0,115,NA,NA,NA,4,"Passage 4",70000,2,43800,43804,4,16,2,365000,105000,260000,3,0.412850527883283,1.67893010604532,85.9,NA,NA,NA,NA,NA
"196",NA,"M2P",1,"HBSS",0,0,1,"One_day","1",0,1,0,115,NA,NA,NA,4,"Passage 4",70000,2,43804,43809,5,20,2,187500,105000,82500,3,0.197056720672221,3.51750084034387,68.8,NA,NA,NA,NA,NA
"197",NA,"M4P",1,"UW",1,0,2,"One_day","1",0,2,0,119,NA,NA,NA,4,"Passage 4",70000,2,43804,43809,5,20,2,260000,105000,155000,3,0.262437277793234,2.64119177880688,76.5,NA,NA,NA,NA,NA
"198",NA,"M6P",1,"HTK",0,1,3,"One_day","1",0,3,0,119,NA,NA,NA,4,"Passage 4",70000,2,43804,43809,5,20,2,262500,105000,157500,3,0.264351167996464,2.62206967275143,73.4,NA,NA,NA,NA,NA
"199",NA,"M2D",1,"HBSS",0,0,1,"Two_day","0",1,1,0,115,NA,NA,NA,4,"Passage 4",70000,2,43804,43809,5,19,2,415000,105000,310000,3,0.355956655636268,1.947279730789,85.6,NA,NA,NA,NA,NA
"200",NA,"M4D",1,"UW",1,0,2,"Two_day","0",1,2,0,119,NA,NA,NA,4,"Passage 4",70000,2,43804,43809,5,19,2,237500,105000,132500,3,0.244334476285067,2.83687832801477,55.9,NA,NA,NA,NA,NA
"201",NA,"M6D",1,"HTK",0,1,3,"Two_day","0",1,3,0,119,NA,NA,NA,4,"Passage 4",70000,2,43804,43809,5,19,2,342500,105000,237500,3,0.317555283130584,2.18276066367604,77.8,NA,NA,NA,NA,NA
"202",NA,"F1",2,"HBSS",0,0,1,"Fresh","0",0,1,1,140,NA,NA,NA,4,"Passage 4",35000,1,43822,43827,5,18,1,187500,70000,117500,2,0.33568615678421,2.06486674100631,88.2,NA,NA,NA,NA,NA
"203",NA,"F2",2,"UW",1,0,2,"Fresh","0",0,2,1,140,NA,NA,NA,4,"Passage 4",35000,1,43822,43827,5,18,1,75000,75000,0,2,0.152428010409379,4.54737406004542,78.9,NA,NA,NA,NA,NA
"204",NA,"F3",2,"HTK",0,1,3,"Fresh","0",0,3,1,140,NA,NA,NA,4,"Passage 4",35000,1,43822,43827,5,18,1,60000,60000,0,2,0.107799300146537,6.42997848425466,68.6,NA,NA,NA,NA,NA
"205",NA,"F4",2,"HBSS",0,0,1,"One_day","1",0,1,1,140,NA,NA,NA,4,"Passage 4",35000,1,43822,43827,5,17,1,77500,77500,0,2,0.158985974973978,4.35980079798484,83.8,NA,NA,NA,NA,NA
"206",NA,"F5",2,"UW",1,0,2,"One_day","1",0,2,1,140,NA,NA,NA,4,"Passage 4",35000,1,43822,43827,5,17,1,NA,NA,0,NA,NA,NA,NA,NA,NA,NA,NA,NA
"207",NA,"F6",2,"HTK",0,1,3,"One_day","1",0,3,1,128,NA,NA,NA,4,"Passage 4",35000,1,43822,43827,5,17,1,NA,NA,0,NA,NA,NA,NA,NA,NA,NA,NA,NA
"208",NA,"M7",2,"HBSS",0,0,1,"Two_day","0",1,1,0,174,NA,NA,NA,4,"Passage 4",35000,1,43822,43827,5,16,1,NA,NA,0,NA,NA,NA,NA,NA,NA,NA,NA,NA
"209",NA,"M8",2,"UW",1,0,2,"Two_day","0",1,2,0,174,NA,NA,NA,4,"Passage 4",35000,1,43822,43827,5,16,1,NA,NA,0,NA,NA,NA,NA,NA,NA,NA,NA,NA
"210",NA,"F7",2,"HTK",0,1,3,"Two_day","0",1,3,1,128,NA,NA,NA,4,"Passage 4",12000,1,43822,43827,5,16,1,NA,NA,0,NA,NA,NA,NA,NA,NA,NA,NA,NA
"211",NA,"F11",3,"HBSS",0,0,1,"Fresh","0",0,1,1,176,NA,NA,NA,4,"Passage 4",70000,2,44011,44014,3,16,2,202500,140000,62500,4,0.354081548165745,1.95759192804784,92.0454545454545,NA,NA,NA,NA,NA
"212",NA,"F12",3,"UW",1,0,2,"Fresh","0",0,2,1,176,NA,NA,NA,4,"Passage 4",70000,2,44011,44014,3,16,2,152500,140000,12500,4,0.259556451332702,2.67050646208543,78.2051282051282,NA,NA,NA,NA,NA
"213",NA,"F13",3,"HTK",0,1,3,"Fresh","0",0,3,1,176,NA,NA,NA,4,"Passage 4",70000,2,44011,44014,3,16,2,220000,140000,80000,4,0.381710768101001,1.81589632382741,87.1287128712871,NA,NA,NA,NA,NA
"214",NA,"F14",3,"HBSS",0,0,1,"One_day","1",0,1,1,176,NA,NA,NA,4,"Passage 4",70000,2,44011,44014,3,15,2,272500,140000,132500,4,0.453047790684647,1.52996481786714,90.8333333333333,NA,NA,NA,NA,NA
"215",NA,"F15",3,"UW",1,0,2,"One_day","1",0,2,1,176,NA,NA,NA,4,"Passage 4",70000,2,44011,44014,3,15,2,130000,130000,0,4,0.206346402802075,3.3591435137583,98.1132075471698,NA,NA,NA,NA,NA
"216",NA,"F16",3,"HTK",0,1,3,"One_day","1",0,3,1,176,NA,NA,NA,4,"Passage 4",70000,2,44011,44014,3,15,2,85000,85000,0,3,0.0647186714803191,10.7101577443649,85,NA,NA,NA,NA,NA
"217",NA,"F17",3,"HBSS",0,0,1,"Two_day","0",1,1,1,176,NA,NA,NA,4,"Passage 4",70000,2,44011,44014,3,14,2,192500,140000,52500,4,0.337200303892827,2.05559476832574,90.5882352941177,NA,NA,NA,NA,NA
"218",NA,"F18",3,"UW",1,0,2,"Two_day","0",1,2,1,153,NA,NA,NA,4,"Passage 4",70000,2,44011,44014,3,14,2,105000,105000,0,4,0.135155036036055,5.12853387405436,76.3636363636364,NA,NA,NA,NA,NA
"219",NA,"F19",3,"HTK",0,1,3,"Two_day","0",1,3,1,153,NA,NA,NA,4,"Passage 4",70000,2,44011,44014,3,14,2,135000,135000,0,4,0.21892651212969,3.16611804489596,79.4117647058823,NA,NA,NA,NA,NA
"220",NA,"M9",4,"HBSS",0,0,1,"Fresh","0",0,1,0,136,NA,NA,NA,4,"Passage 4",70000,2,44076,44081,5,19,2,210000,140000,70000,4,0.219722457733622,3.15464876785729,63.0952380952381,NA,NA,NA,NA,NA
"221",NA,"M10",4,"UW",1,0,2,"Fresh","0",0,2,0,136,NA,NA,NA,4,"Passage 4",70000,2,44076,44081,5,19,2,95000,70000,25000,2,0.0610763299102364,11.3488675822313,50,NA,NA,NA,NA,NA
"222",NA,"M11",4,"HTK",0,1,3,"Fresh","0",0,3,0,99,NA,NA,NA,4,"Passage 4",70000,2,44076,44081,5,19,2,282500,140000,142500,4,0.279036661707427,2.48407207969939,88.4955752212389,NA,NA,NA,NA,NA
"223",NA,"M12",4,"HBSS",0,0,1,"One_day","1",0,1,0,107,NA,NA,NA,4,"Passage 4",70000,2,44076,44081,5,18,2,182500,140000,42500,4,0.191650986194637,3.61671596020903,83.5616438356164,NA,NA,NA,NA,NA
"224",NA,"M13",4,"UW",1,0,2,"One_day","1",0,2,0,107,NA,NA,NA,4,"Passage 4",70000,2,44076,44081,5,18,2,250000,140000,110000,4,0.254593135162578,2.7225682268193,73,NA,NA,NA,NA,NA
"225",NA,"M14",4,"HTK",0,1,3,"One_day","1",0,3,0,102,NA,NA,NA,4,"Passage 4",70000,2,44076,44081,5,18,2,160000,140000,20000,4,0.165335714636894,4.19236208028144,78.125,NA,NA,NA,NA,NA
"226",NA,"F23",4,"HBSS",0,0,1,"Two_day","0",1,1,1,102,NA,NA,NA,4,"Passage 4",70000,2,44076,44081,5,17,2,262500,140000,122500,4,0.264351167996464,2.62206967275143,87.6190476190476,NA,NA,NA,NA,NA
"227",NA,"F24",4,"UW",1,0,2,"Two_day","0",1,2,1,136,NA,NA,NA,4,"Passage 4",70000,2,44076,44081,5,17,2,187500,140000,47500,4,0.197056720672221,3.51750084034387,76,NA,NA,NA,NA,NA
"228",NA,"M15",4,"HTK",0,1,3,"Two_day","0",1,3,0,102,NA,NA,NA,4,"Passage 4",70000,2,44076,44081,5,17,2,137500,70000,67500,2,0.135025735011453,5.13344497255394,60,NA,NA,NA,NA,NA
"229",NA,"F25",5,"HBSS",0,0,1,"Fresh","0",0,1,1,120,NA,NA,NA,4,"Passage 4",70000,2,44152,44157,5,25,2,155000,140000,15000,4,0.158985974973978,4.35980079798484,61.3861386138614,NA,NA,NA,NA,NA
"230",NA,"M22",5,"UW",1,0,2,"Fresh","0",0,2,0,136,NA,NA,NA,4,"Passage 4",70000,2,44152,44157,5,25,2,177500,140000,37500,4,0.186095073373222,3.72469387821894,73.1958762886598,NA,NA,NA,NA,NA
"231",NA,"M23",5,"HTK",0,1,3,"Fresh","0",0,3,0,129,NA,NA,NA,4,"Passage 4",70000,2,44152,44157,5,25,2,140000,140000,0,4,0.138629436111989,5,65.8823529411765,NA,NA,NA,NA,NA
"232",NA,"M24",5,"HBSS",0,0,1,"One_day","1",0,1,0,136,NA,NA,NA,4,"Passage 4",70000,2,44152,44157,5,24,2,102500,102500,0,3,0.0762735113058208,9.08765269479666,62.1212121212121,NA,NA,NA,NA,NA
"233",NA,"F26",5,"UW",1,0,2,"One_day","1",0,2,1,120,NA,NA,NA,4,"Passage 4",70000,2,44152,44157,5,24,2,435000,140000,295000,4,0.365370157807865,1.89710945392657,73.109243697479,NA,NA,NA,NA,NA
"234",NA,"M25",5,"HTK",0,1,3,"One_day","1",0,3,0,129,NA,NA,NA,4,"Passage 4",70000,2,44152,44157,5,24,2,135000,135000,0,4,0.131355907277814,5.27686340815993,64.2857142857143,NA,NA,NA,NA,NA
"235",NA,"M26",5,"HBSS",0,0,1,"Two_day","0",1,1,0,136,NA,NA,NA,4,"Passage 4",70000,2,44152,44157,5,25,2,45000,45000,0,3,-0.0883665504558078,-7.84399953358583,56.25,NA,NA,NA,NA,NA
"236",NA,"M27",5,"UW",1,0,2,"Two_day","0",1,2,0,129,NA,NA,NA,4,"Passage 4",70000,2,44152,44157,5,25,2,145000,140000,5000,4,0.145647700074243,4.75906712022653,48.7394957983193,NA,NA,NA,NA,NA
"237",NA,"M28",5,"HTK",0,1,3,"Two_day","0",1,3,0,129,NA,NA,NA,4,"Passage 4",70000,2,44152,44157,5,25,2,165000,140000,25000,4,0.171490046370244,4.04190910919373,75,NA,NA,NA,NA,NA
"238",NA,"M1D",1,"HBSS",0,0,1,"Fresh","0",0,1,0,115,NA,NA,NA,5,"Passage 5",105000,3,43804,43809,5,21,3,230000,175000,55000,5,0.156823791753134,4.41991086181024,70.2,NA,NA,NA,NA,NA
"239",NA,"M3D",1,"UW",1,0,2,"Fresh","0",0,2,0,115,NA,NA,NA,5,"Passage 5",105000,3,43804,43809,5,21,3,140000,140000,0,4,0.0575364144903562,12.047104198266,70.9,NA,NA,NA,NA,NA
"240",NA,"M5D",1,"HTK",0,1,3,"Fresh","0",0,3,0,115,NA,NA,NA,5,"Passage 5",105000,3,43804,43809,5,21,3,317500,175000,142500,5,0.221303493635045,3.13211133351119,74.7,NA,NA,NA,NA,NA
"241",NA,"M2P",1,"HBSS",0,0,1,"One_day","1",0,1,0,115,NA,NA,NA,5,"Passage 5",105000,3,43809,43812,3,23,3,427500,175000,252500,5,0.46799797940643,1.48109011376305,84.7,NA,NA,NA,NA,NA
"242",NA,"M4P",1,"UW",1,0,2,"One_day","1",0,2,0,119,NA,NA,NA,5,"Passage 5",105000,3,43809,43812,3,23,3,615000,175000,440000,5,0.589220639216331,1.17637966905205,95.3,NA,NA,NA,NA,NA
"243",NA,"M6P",1,"HTK",0,1,3,"One_day","1",0,3,0,119,NA,NA,NA,5,"Passage 5",105000,3,43809,43812,3,23,3,422500,175000,247500,5,0.464076365546568,1.49360586321518,96,NA,NA,NA,NA,NA
"244",NA,"M2D",1,"HBSS",0,0,1,"Two_day","0",1,1,0,115,NA,NA,NA,5,"Passage 5",105000,3,43809,43812,3,22,3,272500,175000,97500,5,0.317892754648592,2.18044346850928,90.8,NA,NA,NA,NA,NA
"245",NA,"M4D",1,"UW",1,0,2,"Two_day","0",1,2,0,119,NA,NA,NA,5,"Passage 5",105000,3,43809,43812,3,22,3,375000,175000,2e+05,5,0.424321891937629,1.63354093609158,88.8,NA,NA,NA,NA,NA
"246",NA,"M6D",1,"HTK",0,1,3,"Two_day","0",1,3,0,119,NA,NA,NA,5,"Passage 5",105000,3,43809,43812,3,22,3,435000,175000,260000,5,0.473795226977054,1.46296784157666,94.1,NA,NA,NA,NA,NA
"247",NA,"F1",2,"HBSS",0,0,1,"Fresh","0",0,1,1,140,NA,NA,NA,5,"Passage 5",70000,2,43827,43832,5,23,2,180000,175000,5000,3,0.18889232176817,3.6695360302186,49.3,NA,NA,NA,NA,NA
"248",NA,"F2",2,"UW",1,0,2,"Fresh","0",0,2,1,140,NA,NA,NA,5,"Passage 5",75000,2,43827,43832,5,23,2,195000,175000,20000,3,0.191102289005487,3.62710035639627,45.9,NA,NA,NA,NA,NA
"249",NA,"F3",2,"HTK",0,1,3,"Fresh","0",0,3,1,140,NA,NA,NA,5,"Passage 5",60000,2,43827,43832,5,23,2,442500,175000,267500,3,0.399619180445177,1.73451929856765,63,NA,NA,NA,NA,NA
"250",NA,"F4",2,"HBSS",0,0,1,"One_day","1",0,1,1,140,NA,NA,NA,5,"Passage 5",77500,2,43827,43832,5,22,2,150000,150000,0,3,0.132071471547391,5.24827332079226,36.4,NA,NA,NA,NA,NA
"251",NA,"F5",2,"UW",1,0,2,"One_day","1",0,2,1,140,NA,NA,NA,5,"Passage 5",NA,1,43827,43832,5,22,1,342500,175000,167500,3,NA,NA,68.8,NA,NA,NA,NA,NA
"252",NA,"F6",2,"HTK",0,1,3,"One_day","1",0,3,1,128,NA,NA,NA,5,"Passage 5",NA,1,43827,43832,5,22,1,225000,175000,50000,3,NA,NA,61.6,NA,NA,NA,NA,NA
"253",NA,"M7",2,"HBSS",0,0,1,"Two_day","0",1,1,0,174,NA,NA,NA,5,"Passage 5",NA,1,43827,43832,5,21,1,355000,175000,180000,3,NA,NA,69.6,NA,NA,NA,NA,NA
"254",NA,"M8",2,"UW",1,0,2,"Two_day","0",1,2,0,174,NA,NA,NA,5,"Passage 5",NA,1,43827,43832,5,21,1,315000,175000,140000,3,NA,NA,59.7,NA,NA,NA,NA,NA
"255",NA,"F7",2,"HTK",0,1,3,"Two_day","0",1,3,1,128,NA,NA,NA,5,"Passage 5",NA,1,43827,43832,5,21,1,192500,175000,17500,3,NA,NA,53.1,NA,NA,NA,NA,NA
"256",NA,"F11",3,"HBSS",0,0,1,"Fresh","0",0,1,1,176,NA,NA,NA,5,"Passage 5",140000,4,44014,44018,4,20,4,2030000,805000,1225000,6,0.668537162356632,1.03681174299505,81.2,NA,NA,NA,NA,NA
"257",NA,"F12",3,"UW",1,0,2,"Fresh","0",0,2,1,176,NA,NA,NA,5,"Passage 5",140000,4,44014,44018,4,20,4,1235000,1025000,210000,6,0.544295956613193,1.27347479278178,73.7313432835821,NA,NA,NA,NA,NA
"258",NA,"F13",3,"HTK",0,1,3,"Fresh","0",0,3,1,176,NA,NA,NA,5,"Passage 5",140000,4,44014,44018,4,20,4,1060000,850000,210000,6,0.506095441124202,1.36959775614702,74.6478873239437,NA,NA,NA,NA,NA
"259",NA,"F14",3,"HBSS",0,0,1,"One_day","1",0,1,1,176,NA,NA,NA,5,"Passage 5",140000,4,44014,44018,4,19,4,995000,785000,210000,6,0.490275078637322,1.41379240096496,85.042735042735,NA,NA,NA,NA,NA
"260",NA,"F15",3,"UW",1,0,2,"One_day","1",0,2,1,176,NA,NA,NA,5,"Passage 5",130000,4,44014,44018,4,19,4,910000,7e+05,210000,6,0.486477537263828,1.42482874843209,71.6535433070866,NA,NA,NA,NA,NA
"261",NA,"F16",3,"HTK",0,1,3,"One_day","1",0,3,1,176,NA,NA,NA,5,"Passage 5",85000,3,44014,44018,4,19,3,915000,705000,210000,6,0.594068202196301,1.16678047738853,69.0566037735849,NA,NA,NA,NA,NA
"262",NA,"F17",3,"HBSS",0,0,1,"Two_day","0",1,1,1,176,NA,NA,NA,5,"Passage 5",140000,4,44014,44018,4,18,4,1505000,1295000,210000,6,0.593726438643418,1.16745210495205,84.3137254901961,NA,NA,NA,NA,NA
"263",NA,"F18",3,"UW",1,0,2,"Two_day","0",1,2,1,153,NA,NA,NA,5,"Passage 5",105000,4,44014,44018,4,18,4,1020000,810000,210000,6,0.568399389030198,1.2194720718166,77.5665399239544,NA,NA,NA,NA,NA
"264",NA,"F19",3,"HTK",0,1,3,"Two_day","0",1,3,1,153,NA,NA,NA,5,"Passage 5",135000,4,44014,44018,4,18,4,745000,535000,210000,6,0.427027359985283,1.62319149897991,72.3300970873786,NA,NA,NA,NA,NA
"265",NA,"M9",4,"HBSS",0,0,1,"Fresh","0",0,1,0,136,NA,NA,NA,5,"Passage 5",140000,4,44081,44086,5,24,4,420000,210000,210000,6,0.219722457733622,3.15464876785729,70,NA,NA,NA,NA,NA
"266",NA,"M10",4,"UW",1,0,2,"Fresh","0",0,2,0,136,NA,NA,NA,5,"Passage 5",70000,2,44081,44086,5,24,2,240000,210000,30000,6,0.246428736258526,2.81276928609807,64,NA,NA,NA,NA,NA
"267",NA,"M11",4,"HTK",0,1,3,"Fresh","0",0,3,0,99,NA,NA,NA,5,"Passage 5",140000,4,44081,44086,5,24,4,280000,210000,70000,6,0.138629436111989,5,65.1162790697674,NA,NA,NA,NA,NA
"268",NA,"M12",4,"HBSS",0,0,1,"One_day","1",0,1,0,107,NA,NA,NA,5,"Passage 5",140000,4,44081,44086,5,23,4,580000,210000,370000,6,0.284277136186232,2.43827973596111,65.1685393258427,NA,NA,NA,NA,NA
"269",NA,"M13",4,"UW",1,0,2,"One_day","1",0,2,0,107,NA,NA,NA,5,"Passage 5",140000,4,44081,44086,5,23,4,310000,210000,1e+05,6,0.158985974973978,4.35980079798484,65.9574468085106,NA,NA,NA,NA,NA
"270",NA,"M14",4,"HTK",0,1,3,"One_day","1",0,3,0,102,NA,NA,NA,5,"Passage 5",140000,4,44081,44086,5,23,4,6e+05,210000,390000,6,0.291057446521368,2.38147894460091,75,NA,NA,NA,NA,NA
"271",NA,"F23",4,"HBSS",0,0,1,"Two_day","0",1,1,1,102,NA,NA,NA,5,"Passage 5",140000,4,44081,44086,5,22,4,450000,210000,240000,6,0.233521032031012,2.96824305087815,62.5,NA,NA,NA,NA,NA
"272",NA,"F24",4,"UW",1,0,2,"Two_day","0",1,2,1,136,NA,NA,NA,5,"Passage 5",140000,4,44081,44086,5,22,4,810000,210000,6e+05,6,0.351078365011436,1.97433749737716,77.8846153846154,NA,NA,NA,NA,NA
"273",NA,"M15",4,"HTK",0,1,3,"Two_day","0",1,3,0,102,NA,NA,NA,5,"Passage 5",70000,2,44081,44086,5,22,2,210000,210000,0,6,0.219722457733622,3.15464876785729,77.7777777777778,NA,NA,NA,NA,NA
"274",NA,"F25",5,"HBSS",0,0,1,"Fresh","0",0,1,1,120,NA,NA,NA,5,"Passage 5",140000,4,44157,44164,7,32,4,960000,210000,750000,6,0.275041551693225,2.52015441409764,54.5454545454545,NA,NA,NA,NA,NA
"275",NA,"M22",5,"UW",1,0,2,"Fresh","0",0,2,0,136,NA,NA,NA,5,"Passage 5",140000,4,44157,44164,7,32,4,5e+05,210000,290000,6,0.181852239401841,3.81159551754702,46.7289719626168,NA,NA,NA,NA,NA
"276",NA,"M23",5,"HTK",0,1,3,"Fresh","0",0,3,0,129,NA,NA,NA,5,"Passage 5",140000,4,44157,44164,7,32,4,540000,210000,330000,6,0.192846673849859,3.59429160338847,43.5483870967742,NA,NA,NA,NA,NA
"277",NA,"M24",5,"HBSS",0,0,1,"One_day","1",0,1,0,136,NA,NA,NA,5,"Passage 5",102500,3,44157,44164,7,31,3,850000,210000,640000,6,0.302196221557986,2.29369903100176,57.4324324324324,NA,NA,NA,NA,NA
"278",NA,"F26",5,"UW",1,0,2,"One_day","1",0,2,1,120,NA,NA,NA,5,"Passage 5",140000,4,44157,44164,7,31,4,870000,210000,660000,6,0.260978684148475,2.6559532354972,66.412213740458,NA,NA,NA,NA,NA
"279",NA,"M25",5,"HTK",0,1,3,"One_day","1",0,3,0,129,NA,NA,NA,5,"Passage 5",135000,4,44157,44164,7,31,4,460000,210000,250000,6,0.175135958720673,3.95776621559172,58.2278481012658,NA,NA,NA,NA,NA
"280",NA,"M26",5,"HBSS",0,0,1,"Two_day","0",1,1,0,136,NA,NA,NA,5,"Passage 5",45000,3,44157,44164,7,32,3,640000,210000,430000,6,0.3792579552262,1.82764045159325,56.140350877193,NA,NA,NA,NA,NA
"281",NA,"M27",5,"UW",1,0,2,"Two_day","0",1,2,0,129,NA,NA,NA,5,"Passage 5",140000,4,44157,44164,7,32,4,1040000,210000,830000,6,0.286476224218016,2.41956267907399,64.1975308641975,NA,NA,NA,NA,NA
"282",NA,"M28",5,"HTK",0,1,3,"Two_day","0",1,3,0,129,NA,NA,NA,5,"Passage 5",140000,4,44157,44164,7,32,4,870000,210000,660000,6,0.260978684148475,2.6559532354972,46.031746031746,NA,NA,NA,NA,NA
"283",NA,"M1D",1,"HBSS",0,0,1,"Fresh","0",0,1,0,115,NA,NA,NA,6,"Passage 6",105000,3,43809,43812,3,24,3,452500,70000,382500,2,0.486942470994152,1.42346831884432,91.4,1.08201839,0.0822584058474297,NA,NA,NA
"284",NA,"M3D",1,"UW",1,0,2,"Fresh","0",0,2,0,115,NA,NA,NA,6,"Passage 6",140000,4,43809,43812,3,24,4,412500,70000,342500,2,0.360197927721811,1.92435082829038,88.7,0.720905427125615,-0.102517419451054,NA,NA,NA
"285",NA,"M5D",1,"HTK",0,1,3,"Fresh","0",0,3,0,115,NA,NA,NA,6,"Passage 6",140000,4,43809,43812,3,24,4,645000,70000,575000,2,0.509202631395489,1.36124037430904,90.5,1.9995627,0.426866633951196,NA,NA,NA
"286",NA,"M2P",1,"HBSS",0,0,1,"One_day","1",0,1,0,115,NA,NA,NA,6,"Passage 6",105000,3,43812,43817,5,28,3,185000,70000,115000,2,0.11327909498416,6.11893289451922,88.1,NA,NA,NA,NA,NA
"287",NA,"M4P",1,"UW",1,0,2,"One_day","1",0,2,0,119,NA,NA,NA,6,"Passage 6",105000,3,43812,43817,5,28,3,570000,70000,5e+05,2,0.338335202134214,2.04869956240906,91.2,1.28013052,0.93292883576763,NA,NA,NA
"288",NA,"M6P",1,"HTK",0,1,3,"One_day","1",0,3,0,119,NA,NA,NA,6,"Passage 6",105000,3,43812,43817,5,28,3,262500,70000,192500,2,0.183258146374831,3.78235398683015,91.3,1.18602258,1.03922659749047,NA,NA,NA
"289",NA,"M2D",1,"HBSS",0,0,1,"Two_day","0",1,1,0,115,NA,NA,NA,6,"Passage 6",105000,3,43812,43817,5,27,3,372500,70000,302500,2,0.253255337532418,2.73694993879929,89.2,2.0949387,1.00329246313593,NA,NA,NA
"290",NA,"M4D",1,"UW",1,0,2,"Two_day","0",1,2,0,119,NA,NA,NA,6,"Passage 6",105000,3,43812,43817,5,27,3,232500,70000,162500,2,0.158985974973978,4.35980079798484,89.4,1.83290239,1.21501204976436,NA,NA,NA
"291",NA,"M6D",1,"HTK",0,1,3,"Two_day","0",1,3,0,119,NA,NA,NA,6,"Passage 6",105000,3,43812,43817,5,27,3,355000,70000,285000,2,0.243631487863578,2.84506402123224,89.9,0.36537206,0.205125786029566,NA,NA,NA
"292",NA,"F1",2,"HBSS",0,0,1,"Fresh","0",0,1,1,140,NA,NA,NA,6,"Passage 6",175000,3,43832,43837,5,28,3,475000,70000,405000,2,0.199705766022225,3.47084210118803,87.2,-2.4302744,-2.0813617685851,NA,NA,NA
"293",NA,"F2",2,"UW",1,0,2,"Fresh","0",0,2,1,140,NA,NA,NA,6,"Passage 6",105000,3,43832,43837,5,28,3,325000,70000,255000,2,0.225972966434443,3.06738983647867,68.4,-2.8248587,-1.90028721179193,NA,NA,NA
"294",NA,"F3",2,"HTK",0,1,3,"Fresh","0",0,3,1,140,NA,NA,NA,6,"Passage 6",105000,3,43832,43837,5,28,3,215000,70000,145000,2,0.143335535594028,4.83583626131038,78.2,-1.6865723,-1.87289964088717,NA,NA,NA
"295",NA,"F4",2,"HBSS",0,0,1,"One_day","1",0,1,1,140,NA,NA,NA,6,"Passage 6",105000,3,43832,43837,5,27,3,130000,70000,60000,2,0.0427148200596118,16.2273229664225,59.1,-2.6939182,-1.85239245615317,NA,NA,NA
"296",NA,"F5",2,"UW",1,0,2,"One_day","1",0,2,1,140,NA,NA,NA,6,"Passage 6",105000,3,43832,43837,5,27,3,415000,70000,345000,2,0.274863634014635,2.52178569582267,92.2,-3.0861066,-0.76364052090506,NA,NA,NA
"297",NA,"F6",2,"HTK",0,1,3,"One_day","1",0,3,1,128,NA,NA,NA,6,"Passage 6",105000,3,43832,43837,5,27,3,325000,70000,255000,2,0.225972966434443,3.06738983647867,56,-2.9288186,-0.998204084149865,NA,NA,NA
"298",NA,"M7",2,"HBSS",0,0,1,"Two_day","0",1,1,0,174,NA,NA,NA,6,"Passage 6",105000,3,43832,43837,5,26,3,520000,70000,450000,2,0.31997369228359,2.1662630312295,81.9,-1.14898889564758,-1.01343741420291,NA,NA,NA
"299",NA,"M8",2,"UW",1,0,2,"Two_day","0",1,2,0,174,NA,NA,NA,6,"Passage 6",105000,3,43832,43837,5,26,3,415000,70000,345000,2,0.274863634014635,2.52178569582267,76.9,-1.2841152,-1.46696389223883,NA,NA,NA
"300",NA,"F7",2,"HTK",0,1,3,"Two_day","0",1,3,1,128,NA,NA,NA,6,"Passage 6",105000,3,43832,43837,5,26,3,170000,70000,1e+05,2,0.0963676173785477,7.19273962992309,61.8,NA,-2.25343145637257,NA,NA,NA
"301",NA,"F11",3,"HBSS",0,0,1,"Fresh","0",0,1,1,176,NA,NA,NA,6,"Passage 6",670833,6,44018,44021,3,23,5,947368,70000,877368,2,0.115055796512414,6.02444380527283,73.6842105263158,0.85147147,0.374811349613566,NA,NA,NA
"302",NA,"F12",3,"UW",1,0,2,"Fresh","0",0,2,1,176,NA,NA,NA,6,"Passage 6",854166,6,44018,44021,3,23,5,954887,70000,884887,2,0.0371558181940158,18.6551451226441,74.2690058479532,0.10811005,0.392752224194737,NA,NA,NA
"303",NA,"F13",3,"HTK",0,1,3,"Fresh","0",0,3,1,176,NA,NA,NA,6,"Passage 6",708333,6,44018,44021,3,23,5,1200000,70000,1130000,2,0.175720837891343,3.9445929627797,74.7663551401869,1.50564409,0.458839484106235,NA,NA,NA
"304",NA,"F14",3,"HBSS",0,0,1,"One_day","1",0,1,1,176,NA,NA,NA,6,"Passage 6",654167,6,44018,44021,3,22,5,1120000,70000,1050000,2,0.179240431248892,3.86713631366712,87.1345029239766,0.15570934,-0.446716968317762,NA,NA,NA
"305",NA,"F15",3,"UW",1,0,2,"One_day","1",0,2,1,176,NA,NA,NA,6,"Passage 6",583333,6,44018,44021,3,22,5,1170000,70000,1100000,2,0.232000273657029,2.98769984032278,75.9803921568627,0.75471887,-0.855910763865726,NA,NA,NA
"306",NA,"F16",3,"HTK",0,1,3,"One_day","1",0,3,1,176,NA,NA,NA,6,"Passage 6",587500,6,44018,44021,3,22,5,533834,70000,463834,2,-0.031930438936256,-21.708037961636,75.531914893617,-1.6138326,-0.301441690855629,NA,NA,NA
"307",NA,"F17",3,"HBSS",0,0,1,"Two_day","0",1,1,1,176,NA,NA,NA,6,"Passage 6",1079167,6,44018,44021,3,21,5,1050000,70000,980000,2,-0.00913309435612521,-75.8940128648817,77.6536312849162,0.47997634,-0.0321072238296977,NA,NA,NA
"308",NA,"F18",3,"UW",1,0,2,"Two_day","0",1,2,1,153,NA,NA,NA,6,"Passage 6",675000,6,44018,44021,3,21,5,443609,70000,373609,2,-0.139923049017962,-4.95377413102945,72.8395061728395,-0.2722658,-0.690913192575664,NA,NA,NA
"309",NA,"F19",3,"HTK",0,1,3,"Two_day","0",1,3,1,153,NA,NA,NA,6,"Passage 6",445833,6,44018,44021,3,21,5,736842,70000,666842,2,0.167476348045194,4.13877654158603,80.327868852459,0.97168125,-0.696342871686266,NA,NA,NA
"310",NA,"M9",4,"HBSS",0,0,1,"Fresh","0",0,1,0,136,NA,NA,NA,6,"Passage 6",210000,6,44086,44090,4,28,6,1460000,70000,1390000,2,0.484771045996228,1.42984443127269,57.4803149606299,-0.579494486380735,-0.255756709933397,NA,NA,NA
"311",NA,"M10",4,"UW",1,0,2,"Fresh","0",0,2,0,136,NA,NA,NA,6,"Passage 6",210000,6,44086,44090,4,28,6,740000,70000,670000,2,0.314885663870187,2.2012662375309,66.0714285714286,-0.0314272991680972,3.09904012460527,NA,NA,NA
"312",NA,"M11",4,"HTK",0,1,3,"Fresh","0",0,3,0,99,NA,NA,NA,6,"Passage 6",210000,6,44086,44090,4,28,6,1460000,70000,1390000,2,0.484771045996228,1.42984443127269,70.1923076923077,-0.979596556599702,2.45362138893643,NA,NA,NA
"313",NA,"M12",4,"HBSS",0,0,1,"One_day","1",0,1,0,107,NA,NA,NA,6,"Passage 6",210000,6,44086,44090,4,27,6,960000,70000,890000,2,0.379956438436103,1.82428065546917,61.5384615384615,NA,NA,NA,NA,NA
"314",NA,"M13",4,"UW",1,0,2,"One_day","1",0,2,0,107,NA,NA,NA,6,"Passage 6",210000,6,44086,44090,4,27,6,1560000,70000,1490000,2,0.501333392381529,1.38260724518514,75.7281553398058,0.0269697794464001,3.09950608460007,NA,NA,NA
"315",NA,"M14",4,"HTK",0,1,3,"One_day","1",0,3,0,102,NA,NA,NA,6,"Passage 6",210000,6,44086,44090,4,27,6,7e+05,70000,630000,2,0.300993201081484,2.30286656997378,72.9166666666667,-0.694559658673537,0.708347024051122,NA,NA,NA
"316",NA,"F23",4,"HBSS",0,0,1,"Two_day","0",1,1,1,102,NA,NA,NA,6,"Passage 6",210000,6,44086,44090,4,26,6,620000,70000,550000,2,0.270652986830417,2.56101803522401,53.448275862069,-2.1526045048113,-0.070388539534772,NA,NA,NA
"317",NA,"F24",4,"UW",1,0,2,"Two_day","0",1,2,1,136,NA,NA,NA,6,"Passage 6",210000,6,44086,44090,4,26,6,1140000,70000,1070000,2,0.422919002667768,1.63895964992725,60,-0.820831813840236,0.91407858283716,NA,NA,NA
"318",NA,"M15",4,"HTK",0,1,3,"Two_day","0",1,3,0,102,NA,NA,NA,6,"Passage 6",210000,6,44086,44090,4,26,6,820000,70000,750000,2,0.340549202385208,2.03538042580966,65.0793650793651,-0.292847874553406,0.957661945980757,NA,NA,NA
"319",NA,"F25",5,"HBSS",0,0,1,"Fresh","0",0,1,1,120,NA,NA,NA,6,"Passage 6",210000,6,44164,44173,9,41,6,1420000,70000,1350000,2,0.212367179986426,3.26390914360801,50.354609929078,0.298506213328931,3.29756137979469,NA,NA,NA
"320",NA,"M22",5,"UW",1,0,2,"Fresh","0",0,2,0,136,NA,NA,NA,6,"Passage 6",210000,6,44164,44173,9,41,6,1500000,70000,1430000,2,0.218456984041426,3.17292296056099,51.7241379310345,-0.825759558078566,3.361564545532,NA,NA,NA
"321",NA,"M23",5,"HTK",0,1,3,"Fresh","0",0,3,0,129,NA,NA,NA,6,"Passage 6",210000,6,44164,44173,9,41,6,1680000,70000,1610000,2,0.231049060186648,3,67.741935483871,-0.114875036264738,2.88009650706066,NA,NA,NA
"322",NA,"M24",5,"HBSS",0,0,1,"One_day","1",0,1,0,136,NA,NA,NA,6,"Passage 6",210000,6,44164,44173,9,40,6,9e+05,70000,830000,2,0.16169858140076,4.28666210028164,60,0.423638480272167,3.56435399807713,NA,NA,NA
"323",NA,"F26",5,"UW",1,0,2,"One_day","1",0,2,1,120,NA,NA,NA,6,"Passage 6",210000,6,44164,44173,9,40,6,1620000,70000,1550000,2,0.227008210834329,3.0534013638203,55.0335570469799,1.30472140950317,3.77533149051353,NA,NA,NA
"324",NA,"M25",5,"HTK",0,1,3,"One_day","1",0,3,0,129,NA,NA,NA,6,"Passage 6",210000,6,44164,44173,9,40,6,1500000,70000,1430000,2,0.218456984041426,3.17292296056099,60,-0.0513320478185369,3.74400040416349,NA,NA,NA
"325",NA,"M26",5,"HBSS",0,0,1,"Two_day","0",1,1,0,136,NA,NA,NA,6,"Passage 6",210000,6,44164,44173,9,41,6,2040000,70000,1970000,2,0.252621950680088,2.74381216158735,74.4525547445255,0.955031869996468,3.83553887819139,NA,NA,NA
"326",NA,"M27",5,"UW",1,0,2,"Two_day","0",1,2,0,129,NA,NA,NA,6,"Passage 6",210000,6,44164,44173,9,41,6,1600000,70000,1530000,2,0.225627930834489,3.0720805619957,73.394495412844,0.742060784632667,3.0377280655525,NA,NA,NA
"327",NA,"M28",5,"HTK",0,1,3,"Two_day","0",1,3,0,129,NA,NA,NA,6,"Passage 6",210000,6,44164,44173,9,41,6,1500000,70000,1430000,2,0.218456984041426,3.17292296056099,51.3698630136986,0.608240104068159,3.63520259501219,NA,NA,NA
"328",NA,"M1D",1,"HBSS",0,0,1,"Fresh","0",0,1,0,115,NA,NA,NA,7,"Passage 7",70000,2,43812,43817,5,29,2,5e+05,70000,430000,2,0.393222571274567,1.76273497808944,91.3,NA,NA,NA,NA,NA
"329",NA,"M3D",1,"UW",1,0,2,"Fresh","0",0,2,0,115,NA,NA,NA,7,"Passage 7",70000,2,43812,43817,5,29,2,775000,70000,705000,2,0.480873557460798,1.44143334522288,94.2,NA,NA,NA,NA,NA
"330",NA,"M5D",1,"HTK",0,1,3,"Fresh","0",0,3,0,115,NA,NA,NA,7,"Passage 7",70000,2,43812,43817,5,29,2,517500,70000,447500,2,0.400102856618033,1.73242247360826,88.5,NA,NA,NA,NA,NA
"331",NA,"M2P",1,"HBSS",0,0,1,"One_day","1",0,1,0,115,NA,NA,NA,7,"Passage 7",70000,2,43817,43819,2,30,2,47500,35000,12500,1,-0.193882765504382,-3.57508403986676,79.2,NA,NA,NA,NA,NA
"332",NA,"M4P",1,"UW",1,0,2,"One_day","1",0,2,0,119,NA,NA,NA,7,"Passage 7",70000,2,43817,43819,2,30,2,140000,35000,105000,1,0.346573590279973,2,90.3,NA,NA,NA,NA,NA
"333",NA,"M6P",1,"HTK",0,1,3,"One_day","1",0,3,0,119,NA,NA,NA,7,"Passage 7",70000,2,43817,43819,2,30,2,135000,35000,1e+05,1,0.328389768194535,2.11074536326397,85.7,NA,NA,NA,NA,NA
"334",NA,"M2D",1,"HBSS",0,0,1,"Two_day","0",1,1,0,115,NA,NA,NA,7,"Passage 7",70000,2,43817,43819,2,29,2,172500,35000,137500,1,0.450950997211028,1.53707871774719,93.2,NA,NA,NA,NA,NA
"335",NA,"M4D",1,"UW",1,0,2,"Two_day","0",1,2,0,119,NA,NA,NA,7,"Passage 7",70000,2,43817,43819,2,29,2,52500,35000,17500,1,-0.14384103622589,-4.81884167930642,91.3,NA,NA,NA,NA,NA
"336",NA,"M6D",1,"HTK",0,1,3,"Two_day","0",1,3,0,119,NA,NA,NA,7,"Passage 7",70000,2,43817,43819,2,29,2,25000,25000,0,1,-0.514809708590579,-1.34641435270832,62.5,NA,NA,NA,NA,NA
"337",NA,"F1",2,"HBSS",0,0,1,"Fresh","0",0,1,1,140,NA,NA,NA,7,"Passage 7",70000,2,43837,43844,7,35,2,612500,70000,542500,2,0.309864814338503,2.23693413542183,76.8,NA,NA,NA,NA,NA
"338",NA,"F2",2,"UW",1,0,2,"Fresh","0",0,2,1,140,NA,NA,NA,7,"Passage 7",70000,2,43837,43844,7,35,2,297500,70000,227500,2,0.206702711848046,3.35335310486637,71.7,NA,NA,NA,NA,NA
"339",NA,"F3",2,"HTK",0,1,3,"Fresh","0",0,3,1,140,NA,NA,NA,7,"Passage 7",70000,2,43837,43844,7,35,2,242500,70000,172500,2,0.177500924046883,3.90503420915638,58.4,NA,NA,NA,NA,NA
"340",NA,"F4",2,"HBSS",0,0,1,"One_day","1",0,1,1,140,NA,NA,NA,7,"Passage 7",70000,2,43837,43844,7,34,2,422500,70000,352500,2,0.256813457821124,2.69902981892303,84.5,NA,NA,NA,NA,NA
"341",NA,"F5",2,"UW",1,0,2,"One_day","1",0,2,1,140,NA,NA,NA,7,"Passage 7",70000,2,43837,43844,7,34,2,132500,70000,62500,2,0.0911553433395597,7.60402138992474,57.6,NA,NA,NA,NA,NA
"342",NA,"F6",2,"HTK",0,1,3,"One_day","1",0,3,1,128,NA,NA,NA,7,"Passage 7",70000,2,43837,43844,7,34,2,210000,70000,140000,2,0.156944612666873,4.4165082750002,61.3,NA,NA,NA,NA,NA
"343",NA,"M7",2,"HBSS",0,0,1,"Two_day","0",1,1,0,174,NA,NA,NA,7,"Passage 7",70000,2,43837,43844,7,33,2,115000,70000,45000,2,0.0709195551876987,9.77371020905916,43.3,NA,NA,NA,NA,NA
"344",NA,"M8",2,"UW",1,0,2,"Two_day","0",1,2,0,174,NA,NA,NA,7,"Passage 7",70000,2,43837,43844,7,33,2,185000,70000,115000,2,0.138837226146995,4.99251677519162,59.7,NA,NA,NA,NA,NA
"345",NA,"F7",2,"HTK",0,1,3,"Two_day","0",1,3,1,128,NA,NA,NA,7,"Passage 7",70000,2,43837,43844,7,33,2,187500,70000,117500,2,0.140754800480158,4.92450117648142,59.5,NA,NA,NA,NA,NA
"346",NA,"F11",3,"HBSS",0,0,1,"Fresh","0",0,1,1,176,NA,NA,NA,7,"Passage 7",70000,2,44021,44025,4,27,2,395000,70000,325000,2,0.432597630712941,1.60229074629375,71.4932126696833,NA,NA,NA,NA,NA
"347",NA,"F12",3,"UW",1,0,2,"Fresh","0",0,2,1,176,NA,NA,NA,7,"Passage 7",70000,2,44021,44025,4,27,2,282500,70000,212500,2,0.348795827134284,1.98725766375952,86.9230769230769,NA,NA,NA,NA,NA
"348",NA,"F13",3,"HTK",0,1,3,"Fresh","0",0,3,1,176,NA,NA,NA,7,"Passage 7",70000,2,44021,44025,4,27,2,465000,70000,395000,2,0.473385540884499,1.46423395033323,82.6666666666667,NA,NA,NA,NA,NA
"349",NA,"F14",3,"HBSS",0,0,1,"One_day","1",0,1,1,176,NA,NA,NA,7,"Passage 7",70000,2,44021,44025,4,26,2,172500,70000,102500,2,0.225475498605514,3.07415743549439,84.3373493975904,NA,NA,NA,NA,NA
"350",NA,"F15",3,"UW",1,0,2,"One_day","1",0,2,1,176,NA,NA,NA,7,"Passage 7",70000,2,44021,44025,4,26,2,232500,70000,162500,2,0.300098745744513,2.30973034839023,86.9158878504673,NA,NA,NA,NA,NA
"351",NA,"F16",3,"HTK",0,1,3,"One_day","1",0,3,1,176,NA,NA,NA,7,"Passage 7",70000,2,44021,44025,4,26,2,80000,70000,10000,2,0.0333828481561306,20.7635722787377,72.7272727272727,NA,NA,NA,NA,NA
"352",NA,"F17",3,"HBSS",0,0,1,"Two_day","0",1,1,1,176,NA,NA,NA,7,"Passage 7",70000,2,44021,44025,4,25,2,102500,70000,32500,2,0.095341889132276,7.27012215583733,75.9259259259259,NA,NA,NA,NA,NA
"353",NA,"F18",3,"UW",1,0,2,"Two_day","0",1,2,1,153,NA,NA,NA,7,"Passage 7",70000,2,44021,44025,4,25,2,92500,70000,22500,2,0.0696783506172551,9.94781269102393,77.0833333333333,NA,NA,NA,NA,NA
"354",NA,"F19",3,"HTK",0,1,3,"Two_day","0",1,3,1,153,NA,NA,NA,7,"Passage 7",70000,2,44021,44025,4,25,2,82500,70000,12500,2,0.0410757628228191,16.8748462091829,68.75,NA,NA,NA,NA,NA
"355",NA,"M9",4,"HBSS",0,0,1,"Fresh","0",0,1,0,136,NA,NA,NA,7,"Passage 7",70000,2,44090,44096,6,34,2,160000,70000,90000,2,0.137779762197411,5.03083449633773,64,NA,NA,NA,NA,NA
"356",NA,"M10",4,"UW",1,0,2,"Fresh","0",0,2,0,136,NA,NA,NA,7,"Passage 7",70000,2,44090,44096,6,34,2,565000,70000,495000,2,0.34805508151618,1.99148702998529,77.1331058020478,NA,NA,NA,NA,NA
"357",NA,"M11",4,"HTK",0,1,3,"Fresh","0",0,3,0,99,NA,NA,NA,7,"Passage 7",70000,2,44090,44096,6,34,2,185000,70000,115000,2,0.161976763838161,4.27930009302139,69.1588785046729,NA,NA,NA,NA,NA
"358",NA,"M12",4,"HBSS",0,0,1,"One_day","1",0,1,0,107,NA,NA,NA,7,"Passage 7",70000,2,44090,44096,6,33,2,287500,70000,217500,2,0.235454603031341,2.94386761454683,66.8604651162791,NA,NA,NA,NA,NA
"359",NA,"M13",4,"UW",1,0,2,"One_day","1",0,2,0,107,NA,NA,NA,7,"Passage 7",70000,2,44090,44096,6,33,2,175000,70000,105000,2,0.152715121979026,4.53882478419618,70.7070707070707,NA,NA,NA,NA,NA
"360",NA,"M14",4,"HTK",0,1,3,"One_day","1",0,3,0,102,NA,NA,NA,7,"Passage 7",70000,2,44090,44096,6,33,2,3e+05,70000,230000,2,0.24254787210114,2.8577747335211,74.5341614906832,NA,NA,NA,NA,NA
"361",NA,"F23",4,"HBSS",0,0,1,"Two_day","0",1,1,1,102,NA,NA,NA,7,"Passage 7",70000,2,44090,44096,6,32,2,105000,70000,35000,2,0.0675775180180274,10.2570677481087,68.8524590163934,NA,NA,NA,NA,NA
"362",NA,"F24",4,"UW",1,0,2,"Two_day","0",1,2,1,136,NA,NA,NA,7,"Passage 7",70000,2,44090,44096,6,32,2,240000,70000,170000,2,0.205357280215439,3.37532314331769,77.4193548387097,NA,NA,NA,NA,NA
"363",NA,"M15",4,"HTK",0,1,3,"Two_day","0",1,3,0,102,NA,NA,NA,7,"Passage 7",70000,2,44090,44096,6,32,2,340000,70000,270000,2,0.263408395926808,2.6314543927922,87.1794871794872,NA,NA,NA,NA,NA
"364",NA,"F25",5,"HBSS",0,0,1,"Fresh","0",0,1,1,120,NA,NA,NA,7,"Passage 7",70000,2,44173,44179,8,49,2,710000,70000,640000,2,0.28959621599825,2.3934952954086,69.4376528117359,NA,NA,NA,NA,NA
"365",NA,"M22",5,"UW",1,0,2,"Fresh","0",0,2,0,136,NA,NA,NA,7,"Passage 7",70000,2,44173,44179,8,49,2,535000,70000,465000,2,0.254221438105831,2.7265488926681,78.3882783882784,NA,NA,NA,NA,NA
"366",NA,"M23",5,"HTK",0,1,3,"Fresh","0",0,3,0,129,NA,NA,NA,7,"Passage 7",70000,2,44173,44179,8,49,2,332500,70000,262500,2,0.194768077255819,3.5588336154776,62.7358490566038,NA,NA,NA,NA,NA
"367",NA,"M24",5,"HBSS",0,0,1,"One_day","1",0,1,0,136,NA,NA,NA,7,"Passage 7",70000,2,44173,44179,8,48,2,435000,70000,365000,2,0.228356348629916,3.03537512628252,78.0269058295964,NA,NA,NA,NA,NA
"368",NA,"F26",5,"UW",1,0,2,"One_day","1",0,2,1,120,NA,NA,NA,7,"Passage 7",70000,2,44173,44179,8,48,2,222500,70000,152500,2,0.144553982444617,4.79507495288489,72.9508196721311,NA,NA,NA,NA,NA
"369",NA,"M25",5,"HTK",0,1,3,"One_day","1",0,3,0,129,NA,NA,NA,7,"Passage 7",70000,2,44173,44179,8,48,2,110000,70000,40000,2,0.0564981404678822,12.2684954729436,80,NA,NA,NA,NA,NA
"370",NA,"M26",5,"HBSS",0,0,1,"Two_day","0",1,1,0,136,NA,NA,NA,7,"Passage 7",70000,2,44173,44179,8,49,2,362500,70000,292500,2,0.205566154030671,3.37189350955374,80.110497237569,NA,NA,NA,NA,NA
"371",NA,"M27",5,"UW",1,0,2,"Two_day","0",1,2,0,129,NA,NA,NA,7,"Passage 7",70000,2,44173,44179,8,49,2,427500,70000,357500,2,0.226182380790932,3.06454984749959,75.6637168141593,NA,NA,NA,NA,NA
"372",NA,"M28",5,"HTK",0,1,3,"Two_day","0",1,3,0,129,NA,NA,NA,7,"Passage 7",70000,2,44173,44179,8,49,2,355000,70000,285000,2,0.202952818428257,3.41531192287911,77.1739130434783,NA,NA,NA,NA,NA
"373",NA,"M1D",1,"HBSS",0,0,1,"Fresh","0",0,1,0,115,NA,NA,NA,8,"Passage 8",70000,2,43817,43819,2,31,2,247500,35000,212500,1,0.631457669979693,1.09769381783301,85.3,NA,NA,NA,NA,NA
"374",NA,"M3D",1,"UW",1,0,2,"Fresh","0",0,2,0,115,NA,NA,NA,8,"Passage 8",70000,2,43817,43819,2,31,2,337500,35000,302500,1,0.786535134131613,0.881266647198445,87.7,NA,NA,NA,NA,NA
"375",NA,"M5D",1,"HTK",0,1,3,"Fresh","0",0,3,0,115,NA,NA,NA,8,"Passage 8",70000,2,43817,43819,2,31,2,97500,35000,62500,1,0.165678567977221,4.183686453973,92.9,NA,NA,NA,NA,NA
"376",NA,"M2P",1,"HBSS",0,0,1,"One_day","1",0,1,0,115,NA,NA,NA,8,"Passage 8",35000,1,43819,43822,3,33,1,30000,30000,0,1,-0.0513835599424195,-13.4896683168058,83.3,NA,NA,NA,NA,NA
"377",NA,"M4P",1,"UW",1,0,2,"One_day","1",0,2,0,119,NA,NA,NA,8,"Passage 8",35000,1,43819,43822,3,33,1,76000,35000,41000,1,0.258461759598972,2.6818171540557,95,NA,NA,NA,NA,NA
"378",NA,"M6P",1,"HTK",0,1,3,"One_day","1",0,3,0,119,NA,NA,NA,8,"Passage 8",35000,1,43819,43822,3,33,1,68000,35000,33000,1,0.221386547895564,3.13093630642331,89.5,NA,NA,NA,NA,NA
"379",NA,"M2D",1,"HBSS",0,0,1,"Two_day","0",1,1,0,115,NA,NA,NA,8,"Passage 8",35000,1,43819,43822,3,32,1,44000,35000,9000,1,0.0762805241429492,9.08681722297808,95.7,NA,NA,NA,NA,NA
"380",NA,"M4D",1,"UW",1,0,2,"Two_day","0",1,2,0,119,NA,NA,NA,8,"Passage 8",35000,1,43819,43822,3,32,1,22000,22000,0,1,-0.154768536043699,-4.47860526615199,91.7,NA,NA,NA,NA,NA
"381",NA,"M6D",1,"HTK",0,1,3,"Two_day","0",1,3,0,119,NA,NA,NA,8,"Passage 8",25000,1,43819,43822,3,32,1,26000,26000,0,1,0.0130735710510938,53.0189630553891,92.9,NA,NA,NA,NA,NA
"382",NA,"F1",2,"HBSS",0,0,1,"Fresh","0",0,1,1,140,NA,NA,NA,8,"Passage 8",70000,2,43844,43850,6,41,2,287500,70000,217500,2,0.235454603031341,2.94386761454683,76.2,NA,NA,NA,NA,NA
"383",NA,"F2",2,"UW",1,0,2,"Fresh","0",0,2,1,140,NA,NA,NA,8,"Passage 8",70000,2,43844,43850,6,41,2,87500,70000,17500,2,0.0371905918857016,18.6377023170323,47.9,NA,NA,NA,NA,NA
"384",NA,"F3",2,"HTK",0,1,3,"Fresh","0",0,3,1,140,NA,NA,NA,8,"Passage 8",70000,2,43844,43850,6,41,2,252500,70000,182500,2,0.213819334444343,3.24174229782,83.5,NA,NA,NA,NA,NA
"385",NA,"F4",2,"HBSS",0,0,1,"One_day","1",0,1,1,140,NA,NA,NA,8,"Passage 8",70000,2,43844,43850,6,40,2,445000,70000,375000,2,0.308263173352814,2.24855655971148,93.2,NA,NA,NA,NA,NA
"386",NA,"F5",2,"UW",1,0,2,"One_day","1",0,2,1,140,NA,NA,NA,8,"Passage 8",70000,2,43844,43850,6,40,2,3e+05,70000,230000,2,0.24254787210114,2.8577747335211,62.8,NA,NA,NA,NA,NA
"387",NA,"F6",2,"HTK",0,1,3,"One_day","1",0,3,1,128,NA,NA,NA,8,"Passage 8",70000,2,43844,43850,6,40,2,140000,70000,70000,2,0.115524530093324,6,56,NA,NA,NA,NA,NA
"388",NA,"M7",2,"HBSS",0,0,1,"Two_day","0",1,1,0,174,NA,NA,NA,8,"Passage 8",70000,2,43844,43850,6,39,2,317500,70000,247500,2,0.251997096047231,2.75061574689746,76.5,NA,NA,NA,NA,NA
"389",NA,"M8",2,"UW",1,0,2,"Two_day","0",1,2,0,174,NA,NA,NA,8,"Passage 8",70000,2,43844,43850,6,39,2,205000,70000,135000,2,0.179085789514842,3.87047561081055,58.2,NA,NA,NA,NA,NA
"390",NA,"F7",2,"HTK",0,1,3,"Two_day","0",1,3,1,128,NA,NA,NA,8,"Passage 8",70000,2,43844,43850,6,39,2,735000,70000,665000,2,0.391895876193913,1.76870240965988,68.1,NA,NA,NA,NA,NA
"391",NA,"F11",3,"HBSS",0,0,1,"Fresh","0",0,1,1,176,NA,NA,NA,8,"Passage 8",70000,2,44025,44031,6,33,2,487500,70000,417500,2,0.32346584139809,2.14287597591143,62.1019108280255,NA,NA,NA,NA,NA
"392",NA,"F12",3,"UW",1,0,2,"Fresh","0",0,2,1,176,NA,NA,NA,8,"Passage 8",70000,2,44025,44031,6,33,2,325000,70000,255000,2,0.255888323380063,2.70878784699541,51.1811023622047,NA,NA,NA,NA,NA
"393",NA,"F13",3,"HTK",0,1,3,"Fresh","0",0,3,1,176,NA,NA,NA,8,"Passage 8",70000,2,44025,44031,6,33,2,625000,70000,555000,2,0.36487606794784,1.89967838794796,70.0280112044818,NA,NA,NA,NA,NA
"394",NA,"F14",3,"HBSS",0,0,1,"One_day","1",0,1,1,176,NA,NA,NA,8,"Passage 8",70000,2,44025,44031,6,32,2,290000,70000,220000,2,0.236897613488527,2.92593568315333,70.3030303030303,NA,NA,NA,NA,NA
"395",NA,"F15",3,"UW",1,0,2,"One_day","1",0,2,1,176,NA,NA,NA,8,"Passage 8",70000,2,44025,44031,6,32,2,210000,70000,140000,2,0.183102048111352,3.78557852142874,59.5744680851064,NA,NA,NA,NA,NA
"396",NA,"F16",3,"HTK",0,1,3,"One_day","1",0,3,1,176,NA,NA,NA,8,"Passage 8",70000,2,44025,44031,6,32,2,235000,70000,165000,2,0.201848378682467,3.43399924777377,64.3835616438356,NA,NA,NA,NA,NA
"397",NA,"F17",3,"HBSS",0,0,1,"Two_day","0",1,1,1,176,NA,NA,NA,8,"Passage 8",70000,2,44025,44031,6,31,2,467500,70000,397500,2,0.316484017779897,2.19014908058328,76.0162601626016,NA,NA,NA,NA,NA
"398",NA,"F18",3,"UW",1,0,2,"Two_day","0",1,2,1,153,NA,NA,NA,8,"Passage 8",70000,2,44025,44031,6,31,2,220000,70000,150000,2,0.1908553840505,3.63179264765482,65.1851851851852,NA,NA,NA,NA,NA
"399",NA,"F19",3,"HTK",0,1,3,"Two_day","0",1,3,1,153,NA,NA,NA,8,"Passage 8",70000,2,44025,44031,6,31,2,575000,70000,505000,2,0.350979133124665,1.9748956993228,70.3470031545741,NA,NA,NA,NA,NA
"400",NA,"M9",4,"HBSS",0,0,1,"Fresh","0",0,1,0,136,NA,NA,NA,8,"Passage 8",70000,2,44096,44103,7,41,2,295000,70000,225000,2,0.205497159184352,3.37302560926462,57.2815533980583,NA,NA,NA,NA,NA
"401",NA,"M10",4,"UW",1,0,2,"Fresh","0",0,2,0,136,NA,NA,NA,8,"Passage 8",70000,2,44096,44103,7,41,2,212500,70000,142500,2,0.158635249473587,4.36943984934038,66.40625,NA,NA,NA,NA,NA
"402",NA,"M11",4,"HTK",0,1,3,"Fresh","0",0,3,0,99,NA,NA,NA,8,"Passage 8",70000,2,44096,44103,7,41,2,420000,70000,350000,2,0.255965638461151,2.70796965064179,64.6153846153846,NA,NA,NA,NA,NA
"403",NA,"M12",4,"HBSS",0,0,1,"One_day","1",0,1,0,107,NA,NA,NA,8,"Passage 8",70000,2,44096,44103,7,40,2,267500,70000,197500,2,0.191517760612386,3.6192318578892,78.6764705882353,NA,NA,NA,NA,NA
"404",NA,"M13",4,"UW",1,0,2,"One_day","1",0,2,0,107,NA,NA,NA,8,"Passage 8",70000,2,44096,44103,7,40,2,240000,70000,170000,2,0.176020525898947,3.9378770005373,79.3388429752066,NA,NA,NA,NA,NA
"405",NA,"M14",4,"HTK",0,1,3,"One_day","1",0,3,0,102,NA,NA,NA,8,"Passage 8",70000,2,44096,44103,7,40,2,225000,70000,155000,2,0.166800737165009,4.15554027122941,68.7022900763359,NA,NA,NA,NA,NA
"406",NA,"F23",4,"HBSS",0,0,1,"Two_day","0",1,1,1,102,NA,NA,NA,8,"Passage 8",70000,2,44096,44103,7,39,2,150000,70000,80000,2,0.108877150292414,6.36632368406359,65.9340659340659,NA,NA,NA,NA,NA
"407",NA,"F24",4,"UW",1,0,2,"Two_day","0",1,2,1,136,NA,NA,NA,8,"Passage 8",70000,2,44096,44103,7,39,2,197500,70000,127500,2,0.148177620327403,4.67781287773699,61.2403100775194,NA,NA,NA,NA,NA
"408",NA,"M15",4,"HTK",0,1,3,"Two_day","0",1,3,0,102,NA,NA,NA,8,"Passage 8",70000,2,44096,44103,7,39,2,235000,70000,165000,2,0.173012896013543,4.00633245573606,74.6031746031746,NA,NA,NA,NA,NA
"409",NA,"F25",5,"HBSS",0,0,1,"Fresh","0",0,1,1,120,NA,NA,NA,8,"Passage 8",70000,2,44179,44185,6,55,2,385000,70000,315000,2,0.284124682039738,2.4395880554404,55.1971326164875,NA,NA,NA,NA,NA
"410",NA,"M22",5,"UW",1,0,2,"Fresh","0",0,2,0,136,NA,NA,NA,8,"Passage 8",70000,2,44179,44185,6,55,2,120000,70000,50000,2,0.0898327501221145,7.71597418110559,57.1428571428571,NA,NA,NA,NA,NA
"411",NA,"M23",5,"HTK",0,1,3,"Fresh","0",0,3,0,129,NA,NA,NA,8,"Passage 8",70000,2,44179,44185,6,55,2,480000,70000,410000,2,0.320881810308763,2.16013235494083,64.6464646464647,NA,NA,NA,NA,NA
"412",NA,"M24",5,"HBSS",0,0,1,"One_day","1",0,1,0,136,NA,NA,NA,8,"Passage 8",70000,2,44179,44185,6,54,2,215000,70000,145000,2,0.187023797679717,3.70619776284821,57.7181208053691,NA,NA,NA,NA,NA
"413",NA,"F26",5,"UW",1,0,2,"One_day","1",0,2,1,120,NA,NA,NA,8,"Passage 8",70000,2,44179,44185,6,54,2,225000,70000,155000,2,0.194600860025844,3.56189166105378,60.4026845637584,NA,NA,NA,NA,NA
"414",NA,"M25",5,"HTK",0,1,3,"One_day","1",0,3,0,129,NA,NA,NA,8,"Passage 8",70000,2,44179,44185,6,54,2,210000,70000,140000,2,0.183102048111352,3.78557852142874,61.7647058823529,NA,NA,NA,NA,NA
"415",NA,"M26",5,"HBSS",0,0,1,"Two_day","0",1,1,0,136,NA,NA,NA,8,"Passage 8",70000,2,44179,44185,6,55,2,3e+05,70000,230000,2,0.24254787210114,2.8577747335211,67.4157303370787,NA,NA,NA,NA,NA
"416",NA,"M27",5,"UW",1,0,2,"Two_day","0",1,2,0,129,NA,NA,NA,8,"Passage 8",70000,2,44179,44185,6,55,2,232500,70000,162500,2,0.200065830496342,3.46459552258535,51.9553072625698,NA,NA,NA,NA,NA
"417",NA,"M28",5,"HTK",0,1,3,"Two_day","0",1,3,0,129,NA,NA,NA,8,"Passage 8",70000,2,44179,44185,6,55,2,210000,70000,140000,2,0.183102048111352,3.78557852142874,63.6363636363636,NA,NA,NA,NA,NA
"418",NA,"M1D",1,"HBSS",0,0,1,"Fresh","0",0,1,0,115,NA,NA,NA,9,"Passage 9",35000,1,43819,43822,3,34,1,50000,35000,15000,1,0.118891647979577,5.8300746296242,83.3,NA,NA,NA,NA,NA
"419",NA,"M3D",1,"UW",1,0,2,"Fresh","0",0,2,0,115,NA,NA,NA,9,"Passage 9",35000,1,43819,43822,3,34,1,28000,28000,0,1,-0.0743811837714032,-9.31885115851617,73.7,NA,NA,NA,NA,NA
"420",NA,"M5D",1,"HTK",0,1,3,"Fresh","0",0,3,0,115,NA,NA,NA,9,"Passage 9",35000,1,43819,43822,3,34,1,102000,35000,67000,1,0.356541583931619,1.94408509918126,94.4,NA,NA,NA,NA,NA
"421",NA,"M2P",1,"HBSS",0,0,1,"One_day","1",0,1,0,115,NA,NA,NA,9,"Passage 9",35000,1,43822,43827,5,38,1,NA,NA,0,1,NA,NA,NA,NA,NA,NA,NA,NA
"422",NA,"M4P",1,"UW",1,0,2,"One_day","1",0,2,0,119,NA,NA,NA,9,"Passage 9",35000,1,43822,43827,5,38,1,NA,NA,0,1,NA,NA,NA,NA,NA,NA,NA,NA
"423",NA,"M6P",1,"HTK",0,1,3,"One_day","1",0,3,0,119,NA,NA,NA,9,"Passage 9",35000,1,43822,43827,5,38,1,NA,NA,0,1,NA,NA,NA,NA,NA,NA,NA,NA
"424",NA,"M2D",1,"HBSS",0,0,1,"Two_day","0",1,1,0,115,NA,NA,NA,9,"Passage 9",35000,1,43822,43827,5,37,1,NA,NA,0,1,NA,NA,NA,NA,NA,NA,NA,NA
"425",NA,"M4D",1,"UW",1,0,2,"Two_day","0",1,2,0,119,NA,NA,NA,9,"Passage 9",35000,1,43822,43827,5,37,1,NA,NA,0,1,NA,NA,NA,NA,NA,NA,NA,NA
"426",NA,"M6D",1,"HTK",0,1,3,"Two_day","0",1,3,0,119,NA,NA,NA,9,"Passage 9",35000,1,43822,43827,5,37,1,NA,NA,0,1,NA,NA,NA,NA,NA,NA,NA,NA
"427",NA,"F1",2,"HBSS",0,0,1,"Fresh","0",0,1,1,140,NA,NA,NA,9,"Passage 9",70000,2,43850,43854,4,45,2,425000,70000,355000,2,0.450898481718764,1.53725773907635,85.9,NA,NA,NA,NA,NA
"428",NA,"F2",2,"UW",1,0,2,"Fresh","0",0,2,1,140,NA,NA,NA,9,"Passage 9",70000,2,43850,43854,4,45,2,310000,70000,240000,2,0.372019263857458,1.86320238735145,88.6,NA,NA,NA,NA,NA
"429",NA,"F3",2,"HTK",0,1,3,"Fresh","0",0,3,1,140,NA,NA,NA,9,"Passage 9",70000,2,43850,43854,4,45,2,120000,70000,50000,2,0.134749125183172,5.14398278740373,78.7,NA,NA,NA,NA,NA
"430",NA,"F4",2,"HBSS",0,0,1,"One_day","1",0,1,1,140,NA,NA,NA,9,"Passage 9",70000,2,43850,43854,4,44,2,327500,70000,257500,2,0.385748203256487,1.79689023748755,80.9,NA,NA,NA,NA,NA
"431",NA,"F5",2,"UW",1,0,2,"One_day","1",0,2,1,140,NA,NA,NA,9,"Passage 9",70000,2,43850,43854,4,44,2,165000,70000,95000,2,0.214362557962805,3.23352728735498,72.5,NA,NA,NA,NA,NA
"432",NA,"F6",2,"HTK",0,1,3,"One_day","1",0,3,1,128,NA,NA,NA,9,"Passage 9",70000,2,43850,43854,4,44,2,75000,75000,0,2,0.0172482178717379,40.1865969988531,62.5,NA,NA,NA,NA,NA
"433",NA,"M7",2,"HBSS",0,0,1,"Two_day","0",1,1,0,174,NA,NA,NA,9,"Passage 9",70000,2,43850,43854,4,43,2,650000,70000,580000,2,0.557119280210081,1.24416297403775,90.9,NA,NA,NA,NA,NA
"434",NA,"M8",2,"UW",1,0,2,"Two_day","0",1,2,0,174,NA,NA,NA,9,"Passage 9",70000,2,43850,43854,4,43,2,260000,70000,190000,2,0.328046597241542,2.1129534230455,83.9,NA,NA,NA,NA,NA
"435",NA,"F7",2,"HTK",0,1,3,"Two_day","0",1,3,1,128,NA,NA,NA,9,"Passage 9",70000,2,43850,43854,4,43,2,232500,70000,162500,2,0.300098745744513,2.30973034839023,89.4,NA,NA,NA,NA,NA
"436",NA,"F11",3,"HBSS",0,0,1,"Fresh","0",0,1,1,176,NA,NA,NA,9,"Passage 9",70000,2,44031,44034,3,36,2,2e+05,70000,130000,2,0.349940708166226,1.98075606634108,70.1754385964912,NA,NA,NA,NA,NA
"437",NA,"F12",3,"UW",1,0,2,"Fresh","0",0,2,1,176,NA,NA,NA,9,"Passage 9",70000,2,44031,44034,3,36,2,290000,70000,220000,2,0.473795226977054,1.46296784157666,77.3333333333333,NA,NA,NA,NA,NA
"438",NA,"F13",3,"HTK",0,1,3,"Fresh","0",0,3,1,176,NA,NA,NA,9,"Passage 9",70000,2,44031,44034,3,36,2,395000,70000,325000,2,0.576796840950588,1.20171805972031,91.8604651162791,NA,NA,NA,NA,NA
"439",NA,"F14",3,"HBSS",0,0,1,"One_day","1",0,1,1,176,NA,NA,NA,9,"Passage 9",70000,2,44031,44034,3,35,2,415000,70000,345000,2,0.593261092727113,1.1683678384734,90.2173913043478,NA,NA,NA,NA,NA
"440",NA,"F15",3,"UW",1,0,2,"One_day","1",0,2,1,176,NA,NA,NA,9,"Passage 9",70000,2,44031,44034,3,35,2,295000,70000,225000,2,0.479493371430154,1.44558240397055,84.2857142857143,NA,NA,NA,NA,NA
"441",NA,"F16",3,"HTK",0,1,3,"One_day","1",0,3,1,176,NA,NA,NA,9,"Passage 9",70000,2,44031,44034,3,35,2,NA,NA,0,2,NA,NA,NA,NA,NA,NA,NA,NA
"442",NA,"F17",3,"HBSS",0,0,1,"Two_day","0",1,1,1,176,NA,NA,NA,9,"Passage 9",70000,2,44031,44034,3,34,2,205000,70000,135000,2,0.358171579029683,1.93523780540527,97.6190476190476,NA,NA,NA,NA,NA
"443",NA,"F18",3,"UW",1,0,2,"Two_day","0",1,2,1,153,NA,NA,NA,9,"Passage 9",70000,2,44031,44034,3,34,2,55000,55000,0,2,-0.080387352272296,-8.62259000908561,63.1578947368421,NA,NA,NA,NA,NA
"444",NA,"F19",3,"HTK",0,1,3,"Two_day","0",1,3,1,153,NA,NA,NA,9,"Passage 9",70000,2,44031,44034,3,34,2,80000,70000,10000,2,0.0445104642081742,15.5726792090533,76.1904761904762,NA,NA,NA,NA,NA
"445",NA,"M9",4,"HBSS",0,0,1,"Fresh","0",0,1,0,136,NA,NA,NA,9,"Passage 9",70000,2,44103,44110,7,48,2,332500,70000,262500,2,0.222592088292364,3.1139794135429,47.6702508960573,NA,NA,NA,NA,NA
"446",NA,"M10",4,"UW",1,0,2,"Fresh","0",0,2,0,136,NA,NA,NA,9,"Passage 9",70000,2,44103,44110,7,48,2,252500,70000,182500,2,0.183273715238008,3.78203268078999,52.8795811518325,NA,NA,NA,NA,NA
"447",NA,"M11",4,"HTK",0,1,3,"Fresh","0",0,3,0,99,NA,NA,NA,9,"Passage 9",70000,2,44103,44110,7,48,2,622500,70000,552500,2,0.3121783408985,2.22035641090587,66.4,NA,NA,NA,NA,NA
"448",NA,"M12",4,"HBSS",0,0,1,"One_day","1",0,1,0,107,NA,NA,NA,9,"Passage 9",70000,2,44103,44110,7,47,2,3e+05,70000,230000,2,0.207898176086692,3.33407052244128,60,NA,NA,NA,NA,NA
"449",NA,"M13",4,"UW",1,0,2,"One_day","1",0,2,0,107,NA,NA,NA,9,"Passage 9",70000,2,44103,44110,7,47,2,255000,70000,185000,2,0.184681186158438,3.75320949024712,80.9523809523809,NA,NA,NA,NA,NA
"450",NA,"M14",4,"HTK",0,1,3,"One_day","1",0,3,0,102,NA,NA,NA,9,"Passage 9",70000,2,44103,44110,7,47,2,460000,70000,390000,2,0.268961606776255,2.57712313987091,69.1729323308271,NA,NA,NA,NA,NA
"451",NA,"F23",4,"HBSS",0,0,1,"Two_day","0",1,1,1,102,NA,NA,NA,9,"Passage 9",70000,2,44103,44110,7,46,2,372500,70000,302500,2,0.238820256538608,2.9023801858612,66.8161434977578,NA,NA,NA,NA,NA
"452",NA,"F24",4,"UW",1,0,2,"Two_day","0",1,2,1,136,NA,NA,NA,9,"Passage 9",70000,2,44103,44110,7,46,2,367500,70000,297500,2,0.236889725229076,2.9260331147316,65.3333333333333,NA,NA,NA,NA,NA
"453",NA,"M15",4,"HTK",0,1,3,"Two_day","0",1,3,0,102,NA,NA,NA,9,"Passage 9",70000,2,44103,44110,7,46,2,277500,70000,207500,2,0.19676081301959,3.52279079315927,60.989010989011,NA,NA,NA,NA,NA
"454",NA,"F25",5,"HBSS",0,0,1,"Fresh","0",0,1,1,120,NA,NA,NA,9,"Passage 9",70000,2,44185,44192,7,62,2,340000,70000,270000,2,0.225778625080121,3.07003012492423,67.3267326732673,NA,NA,NA,NA,NA
"455",NA,"M22",5,"UW",1,0,2,"Fresh","0",0,2,0,136,NA,NA,NA,9,"Passage 9",70000,2,44185,44192,7,62,2,220000,70000,150000,2,0.163590329186143,4.23709142226396,62.8571428571429,NA,NA,NA,NA,NA
"456",NA,"M23",5,"HTK",0,1,3,"Fresh","0",0,3,0,129,NA,NA,NA,9,"Passage 9",70000,2,44185,44192,7,62,2,375000,70000,305000,2,0.239775826274436,2.89081343740883,63.5593220338983,NA,NA,NA,NA,NA
"457",NA,"M24",5,"HBSS",0,0,1,"One_day","1",0,1,0,136,NA,NA,NA,9,"Passage 9",70000,2,44185,44192,7,61,2,3e+05,70000,230000,2,0.207898176086692,3.33407052244128,63.1578947368421,NA,NA,NA,NA,NA
"458",NA,"F26",5,"UW",1,0,2,"One_day","1",0,2,1,120,NA,NA,NA,9,"Passage 9",70000,2,44185,44192,7,61,2,230000,70000,160000,2,0.169940580981977,4.07876197995026,52.8735632183908,NA,NA,NA,NA,NA
"459",NA,"M25",5,"HTK",0,1,3,"One_day","1",0,3,0,129,NA,NA,NA,9,"Passage 9",70000,2,44185,44192,7,61,2,125000,70000,55000,2,0.0828312136075632,8.36818815481722,51.0204081632653,NA,NA,NA,NA,NA
"460",NA,"M26",5,"HBSS",0,0,1,"Two_day","0",1,1,0,136,NA,NA,NA,9,"Passage 9",70000,2,44185,44192,7,62,2,375000,70000,305000,2,0.239775826274436,2.89081343740883,66.9642857142857,NA,NA,NA,NA,NA
"461",NA,"M27",5,"UW",1,0,2,"Two_day","0",1,2,0,129,NA,NA,NA,9,"Passage 9",70000,2,44185,44192,7,62,2,325000,70000,255000,2,0.219332848611483,3.16025248816131,67.7083333333333,NA,NA,NA,NA,NA
"462",NA,"M28",5,"HTK",0,1,3,"Two_day","0",1,3,0,129,NA,NA,NA,9,"Passage 9",70000,2,44185,44192,7,62,2,330000,70000,260000,2,0.221513916058738,3.12913605110094,64.0776699029126,NA,NA,NA,NA,NA
"463",NA,"M1D",1,"HBSS",0,0,1,"Fresh","0",0,1,0,115,NA,NA,NA,10,"Passage 10",35000,1,43822,43827,5,39,1,NA,NA,NA,NA,NA,NA,NA,NA,NA,NA,NA,NA
"464",NA,"M3D",1,"UW",1,0,2,"Fresh","0",0,2,0,115,NA,NA,NA,10,"Passage 10",28000,1,43822,43827,5,39,1,NA,NA,NA,NA,NA,NA,NA,NA,NA,NA,NA,NA
"465",NA,"M5D",1,"HTK",0,1,3,"Fresh","0",0,3,0,115,NA,NA,NA,10,"Passage 10",35000,1,43822,43827,5,39,1,NA,NA,NA,NA,NA,NA,NA,NA,NA,NA,NA,NA
"466",NA,"M2P",1,"HBSS",0,0,1,"One_day","1",0,1,0,115,NA,NA,NA,10,"Passage 10",NA,1,43827,43834,7,45,1,202000,NA,NA,NA,NA,NA,68.8,NA,NA,NA,NA,NA
"467",NA,"M4P",1,"UW",1,0,2,"One_day","1",0,2,0,119,NA,NA,NA,10,"Passage 10",NA,1,43827,43834,7,45,1,86000,NA,NA,NA,NA,NA,48.8,NA,NA,NA,NA,NA
"468",NA,"M6P",1,"HTK",0,1,3,"One_day","1",0,3,0,119,NA,NA,NA,10,"Passage 10",NA,1,43827,43834,7,45,1,230000,NA,NA,NA,NA,NA,62.5,NA,NA,NA,NA,NA
"469",NA,"M2D",1,"HBSS",0,0,1,"Two_day","0",1,1,0,115,NA,NA,NA,10,"Passage 10",NA,1,43827,43834,7,44,1,288000,NA,NA,NA,NA,NA,59.5,NA,NA,NA,NA,NA
"470",NA,"M4D",1,"UW",1,0,2,"Two_day","0",1,2,0,119,NA,NA,NA,10,"Passage 10",NA,1,43827,43834,7,44,1,260000,NA,NA,NA,NA,NA,61.6,NA,NA,NA,NA,NA
"471",NA,"M6D",1,"HTK",0,1,3,"Two_day","0",1,3,0,119,NA,NA,NA,10,"Passage 10",NA,1,43827,43834,7,44,1,242000,NA,NA,NA,NA,NA,65.4,NA,NA,NA,NA,NA
"472",NA,"F1",2,"HBSS",0,0,1,"Fresh","0",0,1,1,140,NA,NA,NA,10,"Passage 10",70000,2,43854,43864,10,55,2,465000,NA,NA,NA,0.1893542163538,3.66058487583309,62.8,NA,NA,NA,NA,NA
"473",NA,"F2",2,"UW",1,0,2,"Fresh","0",0,2,1,140,NA,NA,NA,10,"Passage 10",70000,2,43854,43864,10,55,2,365000,NA,NA,NA,0.165140211153313,4.19732526511329,57.9,NA,NA,NA,NA,NA
"474",NA,"F3",2,"HTK",0,1,3,"Fresh","0",0,3,1,140,NA,NA,NA,10,"Passage 10",70000,2,43854,43864,10,55,2,142500,NA,NA,NA,0.0710846757659346,9.75100713467863,55.9,NA,NA,NA,NA,NA
"475",NA,"F4",2,"HBSS",0,0,1,"One_day","1",0,1,1,140,NA,NA,NA,10,"Passage 10",70000,2,43854,43864,10,54,2,185000,NA,NA,NA,0.0971860583028966,7.13216682170231,49.3,NA,NA,NA,NA,NA
"476",NA,"F5",2,"UW",1,0,2,"One_day","1",0,2,1,140,NA,NA,NA,10,"Passage 10",70000,2,43854,43864,10,54,2,327500,NA,NA,NA,0.154299281302595,4.49222559371888,49.4,NA,NA,NA,NA,NA
"477",NA,"F6",2,"HTK",0,1,3,"One_day","1",0,3,1,128,NA,NA,NA,10,"Passage 10",75000,2,43854,43864,10,54,2,167500,NA,NA,NA,0.0803495237728811,8.62664951841184,51.1,NA,NA,NA,NA,NA
"478",NA,"M7",2,"HBSS",0,0,1,"Two_day","0",1,1,0,174,NA,NA,NA,10,"Passage 10",70000,2,43854,43864,10,53,2,312500,NA,NA,NA,0.14961092271271,4.63299850032314,78.1,NA,NA,NA,NA,NA
"479",NA,"M8",2,"UW",1,0,2,"Two_day","0",1,2,0,174,NA,NA,NA,10,"Passage 10",70000,2,43854,43864,10,53,2,332500,NA,NA,NA,0.155814461804655,4.448542019347,60.4,NA,NA,NA,NA,NA
"480",NA,"F7",2,"HTK",0,1,3,"Two_day","0",1,3,1,128,NA,NA,NA,10,"Passage 10",70000,2,43854,43864,10,53,2,182500,NA,NA,NA,0.0958254930973187,7.23343192041806,63.5,NA,NA,NA,NA,NA
"481",NA,"F11",3,"HBSS",0,0,1,"Fresh","0",0,1,1,176,NA,NA,NA,10,"Passage 10",70000,2,44034,44039,5,41,2,105000,NA,NA,NA,0.0810930216216329,8.54755645675727,70,NA,NA,NA,NA,NA
"482",NA,"F12",3,"UW",1,0,2,"Fresh","0",0,2,1,176,NA,NA,NA,10,"Passage 10",70000,2,44034,44039,5,41,2,232500,NA,NA,NA,0.24007899659561,2.88716293548779,85.3211009174312,NA,NA,NA,NA,NA
"483",NA,"F13",3,"HTK",0,1,3,"Fresh","0",0,3,1,176,NA,NA,NA,10,"Passage 10",70000,2,44034,44039,5,41,2,187500,NA,NA,NA,0.197056720672221,3.51750084034387,88.2352941176471,NA,NA,NA,NA,NA
"484",NA,"F14",3,"HBSS",0,0,1,"One_day","1",0,1,1,176,NA,NA,NA,10,"Passage 10",70000,2,44034,44039,5,40,2,250000,NA,NA,NA,0.254593135162578,2.7225682268193,85.4700854700855,NA,NA,NA,NA,NA
"485",NA,"F15",3,"UW",1,0,2,"One_day","1",0,2,1,176,NA,NA,NA,10,"Passage 10",70000,2,44034,44039,5,40,2,222500,NA,NA,NA,0.231286371911387,2.99692184555306,86.4077669902913,NA,NA,NA,NA,NA
"486",NA,"F16",3,"HTK",0,1,3,"One_day","1",0,3,1,176,NA,NA,NA,10,"Passage 10",NA,2,44034,44039,5,40,2,395000,NA,NA,NA,NA,NA,85.4054054054054,NA,NA,NA,NA,NA
"487",NA,"F17",3,"HBSS",0,0,1,"Two_day","0",1,1,1,176,NA,NA,NA,10,"Passage 10",70000,2,44034,44039,5,39,2,280000,NA,NA,NA,0.277258872223978,2.5,83.5820895522388,NA,NA,NA,NA,NA
"488",NA,"F18",3,"UW",1,0,2,"Two_day","0",1,2,1,153,NA,NA,NA,10,"Passage 10",70000,2,44034,44039,5,39,2,555000,NA,NA,NA,0.414094574339415,1.67388616879535,94.468085106383,NA,NA,NA,NA,NA
"489",NA,"F19",3,"HTK",0,1,3,"Two_day","0",1,3,1,153,NA,NA,NA,10,"Passage 10",70000,2,44034,44039,5,39,2,205000,NA,NA,NA,0.21490294741781,3.22539634234212,82.8282828282828,NA,NA,NA,NA,NA
"490",NA,"M9",4,"HBSS",0,0,1,"Fresh","0",0,1,0,136,NA,NA,NA,10,"Passage 10",70000,2,44110,44118,8,56,2,360000,NA,NA,NA,0.2047010986751,3.38614294230098,44.7204968944099,NA,NA,NA,NA,NA
"491",NA,"M10",4,"UW",1,0,2,"Fresh","0",0,2,0,136,NA,NA,NA,10,"Passage 10",70000,2,44110,44118,8,56,2,380000,NA,NA,NA,0.211459501333884,3.27791929985449,48.7179487179487,NA,NA,NA,NA,NA
"492",NA,"M11",4,"HTK",0,1,3,"Fresh","0",0,3,0,99,NA,NA,NA,10,"Passage 10",70000,2,44110,44118,8,56,2,620000,NA,NA,NA,0.272653029498722,2.54223172151914,70.4545454545455,NA,NA,NA,NA,NA
"493",NA,"M12",4,"HBSS",0,0,1,"One_day","1",0,1,0,107,NA,NA,NA,10,"Passage 10",70000,2,44110,44118,8,55,2,420000,NA,NA,NA,0.223969933653507,3.09482245787633,68.8524590163934,NA,NA,NA,NA,NA
"494",NA,"M13",4,"UW",1,0,2,"One_day","1",0,2,0,107,NA,NA,NA,10,"Passage 10",70000,2,44110,44118,8,55,2,555000,NA,NA,NA,0.258809108962134,2.67821787007256,77.6223776223776,NA,NA,NA,NA,NA
"495",NA,"M14",4,"HTK",0,1,3,"One_day","1",0,3,0,102,NA,NA,NA,10,"Passage 10",70000,2,44110,44118,8,55,2,4e+05,NA,NA,NA,0.217871163132328,3.18145444580452,80.8080808080808,NA,NA,NA,NA,NA
"496",NA,"F23",4,"HBSS",0,0,1,"Two_day","0",1,1,1,102,NA,NA,NA,10,"Passage 10",70000,2,44110,44118,8,54,2,480000,NA,NA,NA,0.240661357731572,2.88017647325444,64.4295302013423,NA,NA,NA,NA,NA
"497",NA,"F24",4,"UW",1,0,2,"Two_day","0",1,2,1,136,NA,NA,NA,10,"Passage 10",70000,2,44110,44118,8,54,2,425000,NA,NA,NA,0.225449240859382,3.07451547815269,62.5,NA,NA,NA,NA,NA
"498",NA,"M15",4,"HTK",0,1,3,"Two_day","0",1,3,0,102,NA,NA,NA,10,"Passage 10",70000,2,44110,44118,8,54,2,295000,NA,NA,NA,0.179810014286308,3.85488641058813,54.6296296296296,NA,NA,NA,NA,NA
"499",NA,"F25",5,"HBSS",0,0,1,"Fresh","0",0,1,1,120,NA,NA,NA,10,"Passage 10",70000,2,44192,44197,5,67,2,732500,NA,NA,NA,0.469593619768373,1.47605749179863,52.5,NA,NA,NA,NA,NA
"500",NA,"M22",5,"UW",1,0,2,"Fresh","0",0,2,0,136,NA,NA,NA,10,"Passage 10",70000,2,44192,44197,5,67,2,262500,NA,NA,NA,0.264351167996464,2.62206967275143,71.4285714285714,NA,NA,NA,NA,NA
"501",NA,"M23",5,"HTK",0,1,3,"Fresh","0",0,3,0,129,NA,NA,NA,10,"Passage 10",70000,2,44192,44197,5,67,2,257500,NA,NA,NA,0.260504895610886,2.66078370210475,87.2881355932203,NA,NA,NA,NA,NA
"502",NA,"M24",5,"HBSS",0,0,1,"One_day","1",0,1,0,136,NA,NA,NA,10,"Passage 10",70000,2,44192,44197,5,66,2,345000,NA,NA,NA,0.3190098349964,2.17280818495068,76.2430939226519,NA,NA,NA,NA,NA
"503",NA,"F26",5,"UW",1,0,2,"One_day","1",0,2,1,120,NA,NA,NA,10,"Passage 10",70000,2,44192,44197,5,66,2,107500,NA,NA,NA,0.0857991211036717,8.07872122282477,69.3548387096774,NA,NA,NA,NA,NA
"504",NA,"M25",5,"HTK",0,1,3,"One_day","1",0,3,0,129,NA,NA,NA,10,"Passage 10",70000,2,44192,44197,5,66,2,175000,NA,NA,NA,0.183258146374831,3.78235398683015,64.2201834862385,NA,NA,NA,NA,NA
"505",NA,"M26",5,"HBSS",0,0,1,"Two_day","0",1,1,0,136,NA,NA,NA,10,"Passage 10",70000,2,44192,44197,5,67,2,105000,NA,NA,NA,0.0810930216216329,8.54755645675727,84,NA,NA,NA,NA,NA
"506",NA,"M27",5,"UW",1,0,2,"Two_day","0",1,2,0,129,NA,NA,NA,10,"Passage 10",70000,2,44192,44197,5,67,2,137500,NA,NA,NA,0.135025735011453,5.13344497255394,67.0731707317073,NA,NA,NA,NA,NA
"507",NA,"M28",5,"HTK",0,1,3,"Two_day","0",1,3,0,129,NA,NA,NA,10,"Passage 10",70000,2,44192,44197,5,67,2,275000,NA,NA,NA,0.273655171123442,2.53292191671129,82.7067669172932,NA,NA,NA,NA,NA
